,Country,Missing
0,AR,"{'progDistColdView', 'simpDistColdIntent', 'simpMembInvtError', 'simpCustColdNextBttn', 'progCustColdIntent', 'simpCustInvtAccept', 'progMembInvtIntent', 'simpCustInvtView', 'progCustColdComplete', 'progMembInvtComplete', 'simpMembInvtIntent', 'progMembColdIntent', 'simpDistInvtComplete', 'simpDistColdFormStart', 'simpDistInvtLanding', 'simpCustInvtError', 'simpCustColdView', 'simpMembInvtComplete', 'progCustColdView', 'simpCustInvtSubmit', 'progDistInvtView', 'simpMembInvtView', 'simpCustColdIntent', 'simpDistInvtView', 'simpMembColdIntent', 'simpDistInvtAccept', 'progMembInvtView', 'simpDistColdFindAff', 'poCustColdIntent', 'simpCustInvtLanding', 'simpMembInvtLanding', 'progCustInvtView', 'simpCustInvtIntent', 'simpDistInvtSubmit', 'simpCustInvtComplete', 'simpMembColdFindAff', 'simpDistInvtIntent', 'simpMembColdComplete', 'simpCustColdFormStart', 'simpDistInvtError', 'progCustInvtComplete', 'legacyDistColdIntent', 'simpMembColdView', 'simpCustColdContactMe', 'simpDistColdComplete', 'simpMembInvtAccept', 'simpCustColdFindAff', 'simpDistColdView', 'simpMembColdFormStart', 'simpDistColdNextBttn', 'progDistColdIntent', 'simpCustColdComplete', 'progDistColdComplete', 'simpMembInvtSubmit', 'progDistInvtComplete', 'simpMembColdNextBttn', 'progMembColdView', 'progMembColdComplete'}"
1,AT,"{'progDistColdView', 'simpDistColdIntent', 'simpMembInvtError', 'simpCustColdNextBttn', 'progCustColdIntent', 'simpCustInvtAccept', 'progMembInvtIntent', 'simpCustInvtView', 'progCustColdComplete', 'progMembInvtComplete', 'simpMembInvtIntent', 'progMembColdIntent', 'simpDistInvtComplete', 'simpDistColdFormStart', 'simpDistInvtLanding', 'simpCustInvtError', 'simpCustColdView', 'simpMembInvtComplete', 'progCustColdView', 'legacyMembColdIntent', 'simpCustInvtSubmit', 'progDistInvtView', 'simpMembInvtView', 'simpCustColdIntent', 'legacyMembColdSubmit', 'simpDistInvtView', 'simpMembColdIntent', 'simpDistInvtAccept', 'progMembInvtView', 'simpDistColdFindAff', 'legacyMembColdComplete', 'poCustColdIntent', 'legacyMembColdVerify', 'simpCustInvtLanding', 'simpMembInvtLanding', 'progCustInvtView', 'simpCustInvtIntent', 'simpDistInvtSubmit', 'simpCustInvtComplete', 'simpMembColdFindAff', 'simpDistInvtIntent', 'simpMembColdComplete', 'simpCustColdFormStart', 'simpDistInvtError', 'progCustInvtComplete', 'simpMembColdView', 'simpCustColdContactMe', 'simpDistColdComplete', 'simpMembInvtAccept', 'simpCustColdFindAff', 'simpDistColdView', 'simpMembColdFormStart', 'simpDistColdNextBttn', 'progDistColdIntent', 'simpCustColdComplete', 'progDistColdComplete', 'simpMembInvtSubmit', 'progDistInvtComplete', 'simpMembColdNextBttn', 'progMembColdView', 'progMembColdComplete'}"
2,AU,"{'progDistColdView', 'simpDistColdIntent', 'simpMembInvtError', 'simpCustColdNextBttn', 'progCustColdIntent', 'simpCustInvtAccept', 'progMembInvtIntent', 'simpCustInvtView', 'progCustColdComplete', 'progMembInvtComplete', 'simpMembInvtIntent', 'progMembColdIntent', 'simpDistInvtComplete', 'simpDistColdFormStart', 'simpDistInvtLanding', 'simpCustInvtError', 'simpCustColdView', 'simpMembInvtComplete', 'progCustColdView', 'simpCustInvtSubmit', 'progDistInvtView', 'simpMembInvtView', 'simpCustColdIntent', 'simpDistInvtView', 'simpMembColdIntent', 'simpDistInvtAccept', 'progMembInvtView', 'simpDistColdFindAff', 'simpCustInvtLanding', 'simpMembInvtLanding', 'progCustInvtView', 'simpCustInvtIntent', 'simpDistInvtSubmit', 'simpCustInvtComplete', 'simpMembColdFindAff', 'simpDistInvtIntent', 'simpMembColdComplete', 'simpCustColdFormStart', 'simpDistInvtError', 'progCustInvtComplete', 'simpMembColdView', 'simpCustColdContactMe', 'simpDistColdComplete', 'simpMembInvtAccept', 'simpCustColdFindAff', 'simpDistColdView', 'simpMembColdFormStart', 'simpDistColdNextBttn', 'progDistColdIntent', 'simpCustColdComplete', 'progDistColdComplete', 'simpMembInvtSubmit', 'progDistInvtComplete', 'simpMembColdNextBttn', 'progMembColdView', 'progMembColdComplete'}"
3,BE,"{'progDistColdView', 'simpMembInvtError', 'simpCustColdNextBttn', 'progCustColdIntent', 'simpCustInvtAccept', 'progMembInvtIntent', 'simpCustInvtView', 'progCustColdComplete', 'progMembInvtComplete', 'simpMembInvtIntent', 'progMembColdIntent', 'simpDistInvtComplete', 'simpDistColdFormStart', 'simpDistInvtLanding', 'simpCustInvtError', 'simpCustColdView', 'simpMembInvtComplete', 'progCustColdView', 'legacyMembColdIntent', 'simpCustInvtSubmit', 'progDistInvtView', 'simpMembInvtView', 'simpCustColdIntent', 'legacyMembColdSubmit', 'simpDistInvtView', 'simpMembColdIntent', 'simpDistInvtAccept', 'progMembInvtView', 'legacyMembColdComplete', 'poCustColdIntent', 'legacyMembColdVerify', 'simpCustInvtLanding', 'simpMembInvtLanding', 'progCustInvtView', 'simpCustInvtIntent', 'simpDistInvtSubmit', 'simpCustInvtComplete', 'simpMembColdFindAff', 'simpDistInvtIntent', 'simpMembColdComplete', 'simpCustColdFormStart', 'simpDistInvtError', 'progCustInvtComplete', 'simpMembColdView', 'simpCustColdContactMe', 'simpDistColdComplete', 'simpMembInvtAccept', 'simpCustColdFindAff', 'simpMembColdFormStart', 'progDistColdIntent', 'simpCustColdComplete', 'progDistColdComplete', 'simpMembInvtSubmit', 'progDistInvtComplete', 'simpMembColdNextBttn', 'progMembColdView', 'progMembColdComplete'}"
4,BN,"{'progDistColdView', 'simpMembInvtError', 'simpCustColdNextBttn', 'progCustColdIntent', 'simpCustInvtAccept', 'progMembInvtIntent', 'simpCustInvtView', 'progCustColdComplete', 'progMembInvtComplete', 'simpMembInvtIntent', 'progMembColdIntent', 'legacyCustInvtVerify', 'simpCustInvtError', 'simpCustColdView', 'simpMembInvtComplete', 'legacyMembInvtIntent', 'progCustColdView', 'legacyMembColdIntent', 'simpCustInvtSubmit', 'progDistInvtView', 'legacyCustColdView', 'legacyMembInvtVerify', 'simpMembInvtView', 'simpCustColdIntent', 'legacyMembColdSubmit', 'simpMembColdIntent', 'legacyCustInvtSubmit', 'progMembInvtView', 'legacyMembColdComplete', 'legacyMembColdView', 'poCustColdIntent', 'legacyMembColdVerify', 'simpCustInvtLanding', 'legacyMembInvtView', 'simpMembInvtLanding', 'progCustInvtView', 'simpCustInvtIntent', 'legacyCustColdVerify', 'simpCustInvtComplete', 'poCustColdView', 'simpMembColdFindAff', 'legacyMembInvtSubmit', 'simpMembColdComplete', 'simpCustColdFormStart', 'legacyCustColdSubmit', 'progCustInvtComplete', 'simpMembColdView', 'simpCustColdContactMe', 'legacyMembInvtComplete', 'legacyCustColdComplete', 'simpMembInvtAccept', 'simpCustColdFindAff', 'simpMembColdFormStart', 'legacyCustInvtView', 'legacyCustInvtComplete', 'progDistColdIntent', 'simpCustColdComplete', 'progDistColdComplete', 'poCustColdComplete', 'simpMembInvtSubmit', 'progDistInvtComplete', 'simpMembColdNextBttn', 'progMembColdView', 'progMembColdComplete'}"
5,CA,"{'progDistColdView', 'simpMembInvtError', 'simpCustColdNextBttn', 'progCustColdIntent', 'simpCustInvtAccept', 'progMembInvtIntent', 'simpCustInvtView', 'progCustColdComplete', 'progMembInvtComplete', 'simpMembInvtIntent', 'progMembColdIntent', 'simpDistInvtComplete', 'simpDistColdFormStart', 'simpDistInvtLanding', 'simpCustInvtError', 'simpCustColdView', 'simpMembInvtComplete', 'progCustColdView', 'simpCustInvtSubmit', 'progDistInvtView', 'simpMembInvtView', 'simpCustColdIntent', 'simpDistInvtView', 'simpMembColdIntent', 'simpDistInvtAccept', 'progMembInvtView', 'simpCustInvtLanding', 'simpMembInvtLanding', 'progCustInvtView', 'simpCustInvtIntent', 'simpDistInvtSubmit', 'simpCustInvtComplete', 'simpMembColdFindAff', 'simpDistInvtIntent', 'simpMembColdComplete', 'simpCustColdFormStart', 'simpDistInvtError', 'progCustInvtComplete', 'simpMembColdView', 'simpCustColdContactMe', 'simpDistColdComplete', 'simpMembInvtAccept', 'simpCustColdFindAff', 'simpMembColdFormStart', 'progDistColdIntent', 'simpCustColdComplete', 'progDistColdComplete', 'simpMembInvtSubmit', 'progDistInvtComplete', 'simpMembColdNextBttn', 'progMembColdView', 'progMembColdComplete'}"
6,CH,"{'progDistColdView', 'simpDistColdIntent', 'simpMembInvtError', 'simpCustColdNextBttn', 'progCustColdIntent', 'simpCustInvtAccept', 'progMembInvtIntent', 'simpCustInvtView', 'progCustColdComplete', 'progMembInvtComplete', 'simpMembInvtIntent', 'progMembColdIntent', 'simpDistInvtComplete', 'simpDistColdFormStart', 'simpDistInvtLanding', 'simpCustInvtError', 'simpCustColdView', 'simpMembInvtComplete', 'progCustColdView', 'legacyMembColdIntent', 'simpCustInvtSubmit', 'progDistInvtView', 'simpMembInvtView', 'simpCustColdIntent', 'legacyMembColdSubmit', 'simpDistInvtView', 'simpMembColdIntent', 'simpDistInvtAccept', 'progMembInvtView', 'simpDistColdFindAff', 'legacyMembColdComplete', 'legacyMembColdView', 'poCustColdIntent', 'legacyMembColdVerify', 'simpCustInvtLanding', 'simpMembInvtLanding', 'progCustInvtView', 'simpCustInvtIntent', 'simpDistInvtSubmit', 'simpCustInvtComplete', 'simpMembColdFindAff', 'simpDistInvtIntent', 'simpMembColdComplete', 'simpCustColdFormStart', 'simpDistInvtError', 'progCustInvtComplete', 'simpMembColdView', 'simpCustColdContactMe', 'simpDistColdComplete', 'simpMembInvtAccept', 'simpCustColdFindAff', 'simpDistColdView', 'simpMembColdFormStart', 'simpDistColdNextBttn', 'progDistColdIntent', 'simpCustColdComplete', 'progDistColdComplete', 'simpMembInvtSubmit', 'progDistInvtComplete', 'simpMembColdNextBttn', 'progMembColdView', 'progMembColdComplete'}"
7,CL,"{'progDistColdView', 'simpDistColdIntent', 'simpMembInvtError', 'simpCustColdNextBttn', 'progCustColdIntent', 'simpCustInvtAccept', 'progMembInvtIntent', 'simpCustInvtView', 'progCustColdComplete', 'progMembInvtComplete', 'simpMembInvtIntent', 'progMembColdIntent', 'simpDistInvtComplete', 'simpDistColdFormStart', 'simpDistInvtLanding', 'simpCustInvtError', 'simpCustColdView', 'simpMembInvtComplete', 'progCustColdView', 'simpCustInvtSubmit', 'progDistInvtView', 'simpMembInvtView', 'simpCustColdIntent', 'simpDistInvtView', 'simpMembColdIntent', 'simpDistInvtAccept', 'progMembInvtView', 'simpDistColdFindAff', 'poCustColdIntent', 'simpCustInvtLanding', 'simpMembInvtLanding', 'progCustInvtView', 'simpCustInvtIntent', 'simpDistInvtSubmit', 'simpCustInvtComplete', 'simpMembColdFindAff', 'simpDistInvtIntent', 'simpMembColdComplete', 'simpCustColdFormStart', 'simpDistInvtError', 'progCustInvtComplete', 'simpMembColdView', 'simpCustColdContactMe', 'simpDistColdComplete', 'simpMembInvtAccept', 'simpCustColdFindAff', 'simpDistColdView', 'simpMembColdFormStart', 'simpDistColdNextBttn', 'progDistColdIntent', 'simpCustColdComplete', 'progDistColdComplete', 'simpMembInvtSubmit', 'progDistInvtComplete', 'simpMembColdNextBttn', 'progMembColdView', 'progMembColdComplete'}"
8,CO,"{'progDistColdView', 'simpDistColdIntent', 'simpMembInvtError', 'simpCustColdNextBttn', 'progCustColdIntent', 'simpCustInvtAccept', 'progMembInvtIntent', 'simpCustInvtView', 'progCustColdComplete', 'progMembInvtComplete', 'simpMembInvtIntent', 'progMembColdIntent', 'simpDistInvtComplete', 'simpDistColdFormStart', 'simpDistInvtLanding', 'simpCustInvtError', 'simpCustColdView', 'simpMembInvtComplete', 'progCustColdView', 'simpCustInvtSubmit', 'progDistInvtView', 'simpMembInvtView', 'simpCustColdIntent', 'simpDistInvtView', 'simpMembColdIntent', 'simpDistInvtAccept', 'progMembInvtView', 'simpDistColdFindAff', 'poCustColdIntent', 'simpCustInvtLanding', 'simpMembInvtLanding', 'progCustInvtView', 'simpCustInvtIntent', 'simpDistInvtSubmit', 'simpCustInvtComplete', 'simpMembColdFindAff', 'simpDistInvtIntent', 'simpMembColdComplete', 'simpCustColdFormStart', 'simpDistInvtError', 'progCustInvtComplete', 'simpMembColdView', 'simpCustColdContactMe', 'simpDistColdComplete', 'simpMembInvtAccept', 'simpCustColdFindAff', 'simpDistColdView', 'simpMembColdFormStart', 'simpDistColdNextBttn', 'progDistColdIntent', 'simpCustColdComplete', 'progDistColdComplete', 'simpMembInvtSubmit', 'progDistInvtComplete', 'simpMembColdNextBttn', 'progMembColdView', 'progMembColdComplete'}"
9,CZ,"{'progDistColdView', 'simpDistColdIntent', 'simpMembInvtError', 'simpCustColdNextBttn', 'progCustColdIntent', 'simpCustInvtAccept', 'progMembInvtIntent', 'simpCustInvtView', 'progCustColdComplete', 'progMembInvtComplete', 'simpMembInvtIntent', 'progMembColdIntent', 'simpDistInvtComplete', 'simpDistColdFormStart', 'simpDistInvtLanding', 'simpCustInvtError', 'simpCustColdView', 'simpMembInvtComplete', 'progCustColdView', 'simpCustInvtSubmit', 'progDistInvtView', 'simpMembInvtView', 'simpCustColdIntent', 'simpDistInvtView', 'simpMembColdIntent', 'simpDistInvtAccept', 'progMembInvtView', 'simpDistColdFindAff', 'poCustColdIntent', 'simpCustInvtLanding', 'simpMembInvtLanding', 'progCustInvtView', 'simpCustInvtIntent', 'simpDistInvtSubmit', 'simpCustInvtComplete', 'simpMembColdFindAff', 'simpDistInvtIntent', 'simpMembColdComplete', 'simpCustColdFormStart', 'simpDistInvtError', 'progCustInvtComplete', 'simpMembColdView', 'simpCustColdContactMe', 'simpDistColdComplete', 'simpMembInvtAccept', 'simpCustColdFindAff', 'simpDistColdView', 'simpMembColdFormStart', 'simpDistColdNextBttn', 'progDistColdIntent', 'simpCustColdComplete', 'progDistColdComplete', 'simpMembInvtSubmit', 'progDistInvtComplete', 'simpMembColdNextBttn', 'progMembColdView', 'progMembColdComplete'}"
10,DE,"{'progDistColdView', 'simpDistColdIntent', 'simpMembInvtError', 'simpCustColdNextBttn', 'progCustColdIntent', 'simpCustInvtAccept', 'progMembInvtIntent', 'simpCustInvtView', 'progCustColdComplete', 'progMembInvtComplete', 'simpMembInvtIntent', 'progMembColdIntent', 'simpDistInvtComplete', 'simpDistColdFormStart', 'simpDistInvtLanding', 'simpCustInvtError', 'simpCustColdView', 'simpMembInvtComplete', 'progCustColdView', 'simpCustInvtSubmit', 'progDistInvtView', 'simpMembInvtView', 'simpCustColdIntent', 'simpDistInvtView', 'simpMembColdIntent', 'simpDistInvtAccept', 'progMembInvtView', 'simpDistColdFindAff', 'poCustColdIntent', 'simpCustInvtLanding', 'simpMembInvtLanding', 'progCustInvtView', 'simpCustInvtIntent', 'simpDistInvtSubmit', 'simpCustInvtComplete', 'simpMembColdFindAff', 'simpDistInvtIntent', 'simpMembColdComplete', 'simpCustColdFormStart', 'simpDistInvtError', 'progCustInvtComplete', 'simpMembColdView', 'simpCustColdContactMe', 'simpDistColdComplete', 'simpMembInvtAccept', 'simpCustColdFindAff', 'simpDistColdView', 'simpMembColdFormStart', 'simpDistColdNextBttn', 'progDistColdIntent', 'simpCustColdComplete', 'progDistColdComplete', 'simpMembInvtSubmit', 'progDistInvtComplete', 'simpMembColdNextBttn', 'progMembColdView', 'progMembColdComplete'}"
11,DK,"{'progDistColdView', 'simpDistColdIntent', 'simpMembInvtError', 'simpCustColdNextBttn', 'progCustColdIntent', 'simpCustInvtAccept', 'progMembInvtIntent', 'simpCustInvtView', 'progCustColdComplete', 'progMembInvtComplete', 'simpMembInvtIntent', 'progMembColdIntent', 'simpDistInvtComplete', 'simpDistColdFormStart', 'simpDistInvtLanding', 'simpCustInvtError', 'simpCustColdView', 'simpMembInvtComplete', 'progCustColdView', 'legacyMembColdIntent', 'simpCustInvtSubmit', 'progDistInvtView', 'simpMembInvtView', 'simpCustColdIntent', 'legacyMembColdSubmit', 'simpDistInvtView', 'simpMembColdIntent', 'simpDistInvtAccept', 'progMembInvtView', 'simpDistColdFindAff', 'legacyMembColdComplete', 'legacyMembColdView', 'poCustColdIntent', 'legacyMembColdVerify', 'simpCustInvtLanding', 'simpMembInvtLanding', 'progCustInvtView', 'simpCustInvtIntent', 'simpDistInvtSubmit', 'simpCustInvtComplete', 'simpMembColdFindAff', 'simpDistInvtIntent', 'simpMembColdComplete', 'simpCustColdFormStart', 'simpDistInvtError', 'progCustInvtComplete', 'simpMembColdView', 'simpCustColdContactMe', 'simpDistColdComplete', 'simpMembInvtAccept', 'simpCustColdFindAff', 'simpDistColdView', 'simpMembColdFormStart', 'simpDistColdNextBttn', 'progDistColdIntent', 'simpCustColdComplete', 'progDistColdComplete', 'simpMembInvtSubmit', 'progDistInvtComplete', 'simpMembColdNextBttn', 'progMembColdView', 'progMembColdComplete'}"
12,ES,"{'progDistColdView', 'simpDistColdIntent', 'simpMembInvtError', 'simpCustColdNextBttn', 'progCustColdIntent', 'simpCustInvtAccept', 'progMembInvtIntent', 'simpCustInvtView', 'progCustColdComplete', 'progMembInvtComplete', 'simpMembInvtIntent', 'progMembColdIntent', 'simpDistInvtComplete', 'simpDistColdFormStart', 'simpDistInvtLanding', 'simpCustInvtError', 'simpCustColdView', 'simpMembInvtComplete', 'progCustColdView', 'simpCustInvtSubmit', 'progDistInvtView', 'simpMembInvtView', 'simpCustColdIntent', 'simpDistInvtView', 'simpMembColdIntent', 'simpDistInvtAccept', 'progMembInvtView', 'simpDistColdFindAff', 'poCustColdIntent', 'simpCustInvtLanding', 'simpMembInvtLanding', 'progCustInvtView', 'simpCustInvtIntent', 'simpDistInvtSubmit', 'simpCustInvtComplete', 'simpMembColdFindAff', 'simpDistInvtIntent', 'simpMembColdComplete', 'simpCustColdFormStart', 'simpDistInvtError', 'progCustInvtComplete', 'simpMembColdView', 'simpCustColdContactMe', 'simpDistColdComplete', 'simpMembInvtAccept', 'simpCustColdFindAff', 'simpDistColdView', 'simpMembColdFormStart', 'simpDistColdNextBttn', 'progDistColdIntent', 'simpCustColdComplete', 'progDistColdComplete', 'simpMembInvtSubmit', 'progDistInvtComplete', 'simpMembColdNextBttn', 'progMembColdView', 'progMembColdComplete'}"
13,FI,"{'progDistColdView', 'simpDistColdIntent', 'simpMembInvtError', 'simpCustColdNextBttn', 'progCustColdIntent', 'simpCustInvtAccept', 'progMembInvtIntent', 'simpCustInvtView', 'progCustColdComplete', 'progMembInvtComplete', 'simpMembInvtIntent', 'progMembColdIntent', 'simpDistInvtComplete', 'simpDistColdFormStart', 'simpDistInvtLanding', 'simpCustInvtError', 'simpCustColdView', 'simpMembInvtComplete', 'progCustColdView', 'simpCustInvtSubmit', 'progDistInvtView', 'simpMembInvtView', 'simpCustColdIntent', 'simpDistInvtView', 'simpMembColdIntent', 'simpDistInvtAccept', 'progMembInvtView', 'simpDistColdFindAff', 'legacyMembColdComplete', 'poCustColdIntent', 'legacyMembColdVerify', 'simpCustInvtLanding', 'simpMembInvtLanding', 'progCustInvtView', 'simpCustInvtIntent', 'simpDistInvtSubmit', 'simpCustInvtComplete', 'simpMembColdFindAff', 'simpDistInvtIntent', 'simpMembColdComplete', 'simpCustColdFormStart', 'simpDistInvtError', 'progCustInvtComplete', 'simpMembColdView', 'simpCustColdContactMe', 'simpDistColdComplete', 'simpMembInvtAccept', 'simpCustColdFindAff', 'simpDistColdView', 'simpMembColdFormStart', 'simpDistColdNextBttn', 'progDistColdIntent', 'simpCustColdComplete', 'progDistColdComplete', 'simpMembInvtSubmit', 'progDistInvtComplete', 'simpMembColdNextBttn', 'progMembColdView', 'progMembColdComplete'}"
14,FR,"{'progDistColdView', 'simpDistColdIntent', 'simpMembInvtError', 'simpCustColdNextBttn', 'progCustColdIntent', 'simpCustInvtAccept', 'progMembInvtIntent', 'simpCustInvtView', 'progCustColdComplete', 'progMembInvtComplete', 'simpMembInvtIntent', 'progMembColdIntent', 'simpDistInvtComplete', 'simpDistColdFormStart', 'simpDistInvtLanding', 'simpCustInvtError', 'simpCustColdView', 'simpMembInvtComplete', 'progCustColdView', 'simpCustInvtSubmit', 'progDistInvtView', 'simpMembInvtView', 'simpCustColdIntent', 'legacyMembColdSubmit', 'simpDistInvtView', 'simpMembColdIntent', 'simpDistInvtAccept', 'progMembInvtView', 'simpDistColdFindAff', 'poCustColdIntent', 'simpCustInvtLanding', 'simpMembInvtLanding', 'progCustInvtView', 'simpCustInvtIntent', 'simpDistInvtSubmit', 'simpCustInvtComplete', 'simpMembColdFindAff', 'simpDistInvtIntent', 'simpMembColdComplete', 'simpCustColdFormStart', 'simpDistInvtError', 'progCustInvtComplete', 'simpMembColdView', 'simpCustColdContactMe', 'simpDistColdComplete', 'simpMembInvtAccept', 'simpCustColdFindAff', 'simpDistColdView', 'simpMembColdFormStart', 'simpDistColdNextBttn', 'progDistColdIntent', 'simpCustColdComplete', 'progDistColdComplete', 'simpMembInvtSubmit', 'progDistInvtComplete', 'simpMembColdNextBttn', 'progMembColdView', 'progMembColdComplete'}"
15,GB,"{'progDistColdView', 'simpDistColdIntent', 'simpMembInvtError', 'simpCustColdNextBttn', 'progCustColdIntent', 'simpCustInvtAccept', 'progMembInvtIntent', 'simpCustInvtView', 'progCustColdComplete', 'progMembInvtComplete', 'simpMembInvtIntent', 'progMembColdIntent', 'simpDistInvtComplete', 'simpDistColdFormStart', 'simpDistInvtLanding', 'simpCustInvtError', 'simpMembInvtComplete', 'progCustColdView', 'simpCustInvtSubmit', 'progDistInvtView', 'simpMembInvtView', 'simpDistInvtView', 'simpMembColdIntent', 'simpDistInvtAccept', 'progMembInvtView', 'simpDistColdFindAff', 'poCustColdIntent', 'simpCustInvtLanding', 'simpMembInvtLanding', 'progCustInvtView', 'simpCustInvtIntent', 'simpDistInvtSubmit', 'simpCustInvtComplete', 'simpMembColdFindAff', 'simpDistInvtIntent', 'simpMembColdComplete', 'simpCustColdFormStart', 'simpDistInvtError', 'progCustInvtComplete', 'simpMembColdView', 'simpCustColdContactMe', 'simpDistColdComplete', 'simpMembInvtAccept', 'simpCustColdFindAff', 'simpDistColdView', 'simpMembColdFormStart', 'simpDistColdNextBttn', 'progDistColdIntent', 'simpCustColdComplete', 'progDistColdComplete', 'simpMembInvtSubmit', 'progDistInvtComplete', 'simpMembColdNextBttn', 'progMembColdView', 'progMembColdComplete'}"
16,HK,"{'simpDistColdIntent', 'simpMembInvtError', 'simpCustColdNextBttn', 'progCustColdIntent', 'simpCustInvtAccept', 'simpCustInvtView', 'progCustColdComplete', 'simpMembInvtIntent', 'progMembColdIntent', 'legacyCustInvtVerify', 'simpDistInvtComplete', 'simpDistColdFormStart', 'simpDistInvtLanding', 'simpCustInvtError', 'simpCustColdView', 'simpMembInvtComplete', 'legacyMembInvtIntent', 'legacyMembColdIntent', 'simpCustInvtSubmit', 'progDistInvtView', 'legacyCustColdView', 'legacyMembInvtVerify', 'simpMembInvtView', 'simpCustColdIntent', 'legacyMembColdSubmit', 'simpDistInvtView', 'simpMembColdIntent', 'legacyCustInvtSubmit', 'simpDistInvtAccept', 'simpDistColdFindAff', 'legacyMembColdComplete', 'legacyMembColdView', 'poCustColdIntent', 'legacyMembColdVerify', 'simpCustInvtLanding', 'legacyMembInvtView', 'simpMembInvtLanding', 'progCustInvtView', 'simpCustInvtIntent', 'simpDistInvtSubmit', 'legacyCustColdVerify', 'simpCustInvtComplete', 'simpMembColdFindAff', 'legacyMembInvtSubmit', 'simpDistInvtIntent', 'simpMembColdComplete', 'simpCustColdFormStart', 'legacyCustColdSubmit', 'simpDistInvtError', 'progCustInvtComplete', 'simpMembColdView', 'simpCustColdContactMe', 'simpDistColdComplete', 'legacyMembInvtComplete', 'legacyCustColdComplete', 'simpMembInvtAccept', 'simpCustColdFindAff', 'simpDistColdView', 'simpMembColdFormStart', 'legacyCustInvtView', 'legacyCustInvtComplete', 'simpDistColdNextBttn', 'simpCustColdComplete', 'simpMembInvtSubmit', 'progDistInvtComplete', 'simpMembColdNextBttn', 'progMembColdView', 'progMembColdComplete'}"
17,HU,"{'progDistColdView', 'simpDistColdIntent', 'simpMembInvtError', 'simpCustColdNextBttn', 'progCustColdIntent', 'simpCustInvtAccept', 'progMembInvtIntent', 'simpCustInvtView', 'progCustColdComplete', 'progMembInvtComplete', 'simpMembInvtIntent', 'progMembColdIntent', 'simpDistInvtComplete', 'simpDistColdFormStart', 'simpDistInvtLanding', 'simpCustInvtError', 'simpCustColdView', 'simpMembInvtComplete', 'progCustColdView', 'simpCustInvtSubmit', 'progDistInvtView', 'simpMembInvtView', 'simpCustColdIntent', 'simpDistInvtView', 'simpMembColdIntent', 'simpDistInvtAccept', 'progMembInvtView', 'simpDistColdFindAff', 'poCustColdIntent', 'simpCustInvtLanding', 'simpMembInvtLanding', 'progCustInvtView', 'simpCustInvtIntent', 'simpDistInvtSubmit', 'simpCustInvtComplete', 'simpMembColdFindAff', 'simpDistInvtIntent', 'simpMembColdComplete', 'simpCustColdFormStart', 'simpDistInvtError', 'progCustInvtComplete', 'simpMembColdView', 'simpCustColdContactMe', 'simpDistColdComplete', 'simpMembInvtAccept', 'simpCustColdFindAff', 'simpDistColdView', 'simpMembColdFormStart', 'simpDistColdNextBttn', 'progDistColdIntent', 'simpCustColdComplete', 'progDistColdComplete', 'simpMembInvtSubmit', 'progDistInvtComplete', 'simpMembColdNextBttn', 'progMembColdView', 'progMembColdComplete'}"
18,ID,"{'progDistColdView', 'simpMembInvtError', 'simpCustColdNextBttn', 'progCustColdIntent', 'simpCustInvtAccept', 'progMembInvtIntent', 'simpCustInvtView', 'progCustColdComplete', 'progMembInvtComplete', 'simpMembInvtIntent', 'progMembColdIntent', 'legacyCustInvtVerify', 'simpDistInvtComplete', 'simpCustInvtError', 'simpCustColdView', 'simpMembInvtComplete', 'legacyMembInvtIntent', 'progCustColdView', 'legacyMembColdIntent', 'simpCustInvtSubmit', 'progDistInvtView', 'legacyCustColdView', 'legacyMembInvtVerify', 'simpMembInvtView', 'simpCustColdIntent', 'legacyMembColdSubmit', 'simpMembColdIntent', 'legacyCustInvtSubmit', 'progMembInvtView', 'legacyMembColdComplete', 'legacyMembColdView', 'poCustColdIntent', 'legacyMembColdVerify', 'simpCustInvtLanding', 'legacyMembInvtView', 'simpMembInvtLanding', 'progCustInvtView', 'simpCustInvtIntent', 'legacyCustColdVerify', 'simpCustInvtComplete', 'poCustColdView', 'simpMembColdFindAff', 'legacyMembInvtSubmit', 'simpMembColdComplete', 'simpCustColdFormStart', 'legacyCustColdSubmit', 'progCustInvtComplete', 'simpMembColdView', 'simpCustColdContactMe', 'legacyMembInvtComplete', 'legacyCustColdComplete', 'simpMembInvtAccept', 'simpCustColdFindAff', 'simpMembColdFormStart', 'legacyCustInvtView', 'legacyCustInvtComplete', 'progDistColdIntent', 'simpCustColdComplete', 'poCustColdComplete', 'simpMembInvtSubmit', 'progDistInvtComplete', 'simpMembColdNextBttn', 'progMembColdView', 'progMembColdComplete'}"
19,IE,"{'progDistColdView', 'simpDistColdIntent', 'simpMembInvtError', 'simpCustColdNextBttn', 'progCustColdIntent', 'simpCustInvtAccept', 'progMembInvtIntent', 'simpCustInvtView', 'progCustColdComplete', 'progMembInvtComplete', 'simpMembInvtIntent', 'progMembColdIntent', 'simpDistInvtComplete', 'simpDistColdFormStart', 'simpDistInvtLanding', 'simpCustInvtError', 'simpCustColdView', 'simpMembInvtComplete', 'progCustColdView', 'legacyMembColdIntent', 'simpCustInvtSubmit', 'progDistInvtView', 'simpMembInvtView', 'simpCustColdIntent', 'legacyMembColdSubmit', 'simpDistInvtView', 'simpMembColdIntent', 'simpDistInvtAccept', 'progMembInvtView', 'simpDistColdFindAff', 'legacyMembColdComplete', 'legacyMembColdView', 'poCustColdIntent', 'legacyMembColdVerify', 'simpCustInvtLanding', 'simpMembInvtLanding', 'progCustInvtView', 'simpCustInvtIntent', 'simpDistInvtSubmit', 'simpCustInvtComplete', 'simpMembColdFindAff', 'simpDistInvtIntent', 'simpMembColdComplete', 'simpCustColdFormStart', 'simpDistInvtError', 'progCustInvtComplete', 'simpMembColdView', 'simpCustColdContactMe', 'simpDistColdComplete', 'simpMembInvtAccept', 'simpCustColdFindAff', 'simpDistColdView', 'simpMembColdFormStart', 'simpDistColdNextBttn', 'progDistColdIntent', 'simpCustColdComplete', 'progDistColdComplete', 'simpMembInvtSubmit', 'progDistInvtComplete', 'simpMembColdNextBttn', 'progMembColdView', 'progMembColdComplete'}"
20,IL,"{'progDistColdView', 'simpDistColdIntent', 'simpMembInvtError', 'simpCustColdNextBttn', 'progCustColdIntent', 'simpCustInvtAccept', 'progMembInvtIntent', 'simpCustInvtView', 'progCustColdComplete', 'progMembInvtComplete', 'simpMembInvtIntent', 'progMembColdIntent', 'simpDistInvtComplete', 'simpDistColdFormStart', 'simpDistInvtLanding', 'simpCustInvtError', 'simpCustColdView', 'simpMembInvtComplete', 'progCustColdView', 'legacyMembColdIntent', 'simpCustInvtSubmit', 'progDistInvtView', 'simpMembInvtView', 'simpCustColdIntent', 'legacyMembColdSubmit', 'simpDistInvtView', 'simpMembColdIntent', 'simpDistInvtAccept', 'progMembInvtView', 'simpDistColdFindAff', 'legacyMembColdComplete', 'legacyMembColdView', 'poCustColdIntent', 'legacyMembColdVerify', 'simpCustInvtLanding', 'simpMembInvtLanding', 'progCustInvtView', 'simpCustInvtIntent', 'simpDistInvtSubmit', 'simpCustInvtComplete', 'simpMembColdFindAff', 'simpDistInvtIntent', 'simpMembColdComplete', 'simpCustColdFormStart', 'simpDistInvtError', 'progCustInvtComplete', 'simpMembColdView', 'simpCustColdContactMe', 'simpDistColdComplete', 'simpMembInvtAccept', 'simpCustColdFindAff', 'simpDistColdView', 'simpMembColdFormStart', 'simpDistColdNextBttn', 'progDistColdIntent', 'simpCustColdComplete', 'progDistColdComplete', 'simpMembInvtSubmit', 'progDistInvtComplete', 'simpMembColdNextBttn', 'progMembColdView', 'progMembColdComplete'}"
21,IS,"{'progDistColdView', 'simpDistColdIntent', 'simpMembInvtError', 'simpCustColdNextBttn', 'progCustColdIntent', 'simpCustInvtAccept', 'progMembInvtIntent', 'simpCustInvtView', 'progCustColdComplete', 'progMembInvtComplete', 'simpMembInvtIntent', 'progMembColdIntent', 'legacyCustInvtVerify', 'simpDistInvtComplete', 'simpDistColdFormStart', 'simpDistInvtLanding', 'simpCustInvtError', 'simpCustColdView', 'simpMembInvtComplete', 'progCustColdView', 'simpCustInvtSubmit', 'progDistInvtView', 'simpMembInvtView', 'simpCustColdIntent', 'simpDistInvtView', 'simpMembColdIntent', 'simpDistInvtAccept', 'progMembInvtView', 'simpDistColdFindAff', 'legacyMembColdComplete', 'poCustColdIntent', 'legacyMembColdVerify', 'simpCustInvtLanding', 'simpMembInvtLanding', 'progCustInvtView', 'simpCustInvtIntent', 'simpDistInvtSubmit', 'simpCustInvtComplete', 'simpMembColdFindAff', 'simpDistInvtIntent', 'simpMembColdComplete', 'simpCustColdFormStart', 'simpDistInvtError', 'progCustInvtComplete', 'simpMembColdView', 'simpCustColdContactMe', 'simpDistColdComplete', 'simpMembInvtAccept', 'simpCustColdFindAff', 'simpDistColdView', 'simpMembColdFormStart', 'simpDistColdNextBttn', 'progDistColdIntent', 'simpCustColdComplete', 'progDistColdComplete', 'simpMembInvtSubmit', 'progDistInvtComplete', 'simpMembColdNextBttn', 'progMembColdView', 'progMembColdComplete'}"
22,IT,"{'progDistColdView', 'simpDistColdIntent', 'simpMembInvtError', 'simpCustColdNextBttn', 'progCustColdIntent', 'simpCustInvtAccept', 'progMembInvtIntent', 'simpCustInvtView', 'progCustColdComplete', 'progMembInvtComplete', 'simpMembInvtIntent', 'progMembColdIntent', 'simpDistInvtComplete', 'simpDistColdFormStart', 'simpDistInvtLanding', 'simpCustInvtError', 'simpCustColdView', 'simpMembInvtComplete', 'progCustColdView', 'simpCustInvtSubmit', 'progDistInvtView', 'simpMembInvtView', 'simpCustColdIntent', 'simpDistInvtView', 'simpMembColdIntent', 'simpDistInvtAccept', 'progMembInvtView', 'simpDistColdFindAff', 'legacyMembColdComplete', 'poCustColdIntent', 'legacyMembColdVerify', 'simpCustInvtLanding', 'simpMembInvtLanding', 'progCustInvtView', 'simpCustInvtIntent', 'simpDistInvtSubmit', 'simpCustInvtComplete', 'simpMembColdFindAff', 'simpDistInvtIntent', 'simpMembColdComplete', 'simpCustColdFormStart', 'simpDistInvtError', 'progCustInvtComplete', 'simpMembColdView', 'simpCustColdContactMe', 'simpDistColdComplete', 'simpMembInvtAccept', 'simpCustColdFindAff', 'simpDistColdView', 'simpMembColdFormStart', 'simpDistColdNextBttn', 'progDistColdIntent', 'simpCustColdComplete', 'progDistColdComplete', 'simpMembInvtSubmit', 'progDistInvtComplete', 'simpMembColdNextBttn', 'progMembColdView', 'progMembColdComplete'}"
23,JP,"{'progDistColdView', 'simpDistColdIntent', 'simpMembInvtError', 'simpCustColdNextBttn', 'progCustColdIntent', 'simpCustInvtAccept', 'progMembInvtIntent', 'simpCustInvtView', 'progCustColdComplete', 'progMembInvtComplete', 'simpMembInvtIntent', 'progMembColdIntent', 'legacyCustInvtVerify', 'simpDistInvtComplete', 'simpDistColdFormStart', 'simpDistInvtLanding', 'simpCustInvtError', 'simpCustColdView', 'simpMembInvtComplete', 'legacyMembInvtIntent', 'progCustColdView', 'simpCustInvtSubmit', 'legacyDistColdVerify', 'legacyDistInvtComplete', 'progDistInvtView', 'legacyCustColdView', 'legacyMembInvtVerify', 'simpMembInvtView', 'simpCustColdIntent', 'simpDistInvtView', 'simpMembColdIntent', 'legacyCustInvtSubmit', 'simpDistInvtAccept', 'progMembInvtView', 'simpDistColdFindAff', 'legacyDistInvtView', 'poCustColdIntent', 'legacyMembColdVerify', 'simpCustInvtLanding', 'legacyMembInvtView', 'simpMembInvtLanding', 'progCustInvtView', 'simpCustInvtIntent', 'simpDistInvtSubmit', 'legacyCustColdVerify', 'simpCustInvtComplete', 'poCustColdView', 'simpMembColdFindAff', 'legacyMembInvtSubmit', 'simpDistInvtIntent', 'legacyDistColdComplete', 'simpMembColdComplete', 'simpCustColdFormStart', 'legacyCustColdSubmit', 'simpDistInvtError', 'legacyDistColdSubmit', 'progCustInvtComplete', 'legacyDistInvtIntent', 'legacyDistColdIntent', 'simpMembColdView', 'legacyDistInvtSubmit', 'simpCustColdContactMe', 'simpDistColdComplete', 'legacyMembInvtComplete', 'legacyCustColdComplete', 'simpMembInvtAccept', 'simpCustColdFindAff', 'simpDistColdView', 'simpMembColdFormStart', 'legacyCustInvtView', 'legacyCustInvtComplete', 'simpDistColdNextBttn', 'progDistColdIntent', 'simpCustColdComplete', 'progDistColdComplete', 'poCustColdComplete', 'simpMembInvtSubmit', 'legacyDistInvtVerify', 'progDistInvtComplete', 'simpMembColdNextBttn', 'progMembColdView', 'legacyDistColdView', 'progMembColdComplete'}"
24,LU,"{'progDistColdView', 'simpDistColdIntent', 'simpMembInvtError', 'simpCustColdNextBttn', 'progCustColdIntent', 'simpCustInvtAccept', 'progMembInvtIntent', 'simpCustInvtView', 'progCustColdComplete', 'progMembInvtComplete', 'simpMembInvtIntent', 'progMembColdIntent', 'simpDistInvtComplete', 'simpDistColdFormStart', 'simpDistInvtLanding', 'simpCustInvtError', 'simpCustColdView', 'simpMembInvtComplete', 'progCustColdView', 'legacyMembColdIntent', 'simpCustInvtSubmit', 'progDistInvtView', 'simpMembInvtView', 'simpCustColdIntent', 'legacyMembColdSubmit', 'simpDistInvtView', 'simpMembColdIntent', 'simpDistInvtAccept', 'progMembInvtView', 'simpDistColdFindAff', 'legacyMembColdComplete', 'poCustColdIntent', 'legacyMembColdVerify', 'simpCustInvtLanding', 'simpMembInvtLanding', 'progCustInvtView', 'simpCustInvtIntent', 'simpDistInvtSubmit', 'simpCustInvtComplete', 'simpMembColdFindAff', 'simpDistInvtIntent', 'simpMembColdComplete', 'simpCustColdFormStart', 'simpDistInvtError', 'progCustInvtComplete', 'simpMembColdView', 'simpCustColdContactMe', 'simpDistColdComplete', 'simpMembInvtAccept', 'simpCustColdFindAff', 'simpDistColdView', 'simpMembColdFormStart', 'simpDistColdNextBttn', 'progDistColdIntent', 'simpCustColdComplete', 'progDistColdComplete', 'simpMembInvtSubmit', 'progDistInvtComplete', 'simpMembColdNextBttn', 'progMembColdView', 'progMembColdComplete'}"
25,MX,"{'progDistColdView', 'progCustColdIntent', 'progMembInvtIntent', 'progCustColdComplete', 'progMembInvtComplete', 'simpMembInvtIntent', 'progMembColdIntent', 'simpMembInvtComplete', 'progCustInvtComplete', 'progCustColdView', 'progDistInvtView', 'simpMembInvtView', 'progDistColdIntent', 'progMembInvtView', 'progDistColdComplete', 'poCustColdIntent', 'simpMembInvtSubmit', 'progDistInvtComplete', 'progMembColdView', 'progMembColdComplete', 'progCustInvtView'}"
26,MY,"{'progDistColdView', 'simpMembInvtError', 'simpCustColdNextBttn', 'progCustColdIntent', 'simpCustInvtAccept', 'progMembInvtIntent', 'simpCustInvtView', 'progCustColdComplete', 'progMembInvtComplete', 'simpMembInvtIntent', 'progMembColdIntent', 'legacyCustInvtVerify', 'simpDistInvtComplete', 'simpDistInvtLanding', 'simpCustInvtError', 'simpCustColdView', 'simpMembInvtComplete', 'legacyMembInvtIntent', 'progCustColdView', 'legacyMembColdIntent', 'simpCustInvtSubmit', 'progDistInvtView', 'legacyCustColdView', 'legacyMembInvtVerify', 'simpMembInvtView', 'simpCustColdIntent', 'legacyMembColdSubmit', 'simpDistInvtView', 'simpMembColdIntent', 'legacyCustInvtSubmit', 'simpDistInvtAccept', 'progMembInvtView', 'legacyMembColdComplete', 'legacyMembColdView', 'poCustColdIntent', 'legacyMembColdVerify', 'simpCustInvtLanding', 'legacyMembInvtView', 'simpMembInvtLanding', 'progCustInvtView', 'simpCustInvtIntent', 'simpDistInvtSubmit', 'legacyCustColdVerify', 'simpCustInvtComplete', 'poCustColdView', 'simpMembColdFindAff', 'legacyMembInvtSubmit', 'simpDistInvtIntent', 'simpMembColdComplete', 'simpCustColdFormStart', 'legacyCustColdSubmit', 'progCustInvtComplete', 'simpMembColdView', 'simpCustColdContactMe', 'legacyMembInvtComplete', 'legacyCustColdComplete', 'simpMembInvtAccept', 'simpCustColdFindAff', 'simpMembColdFormStart', 'legacyCustInvtView', 'legacyCustInvtComplete', 'progDistColdIntent', 'simpCustColdComplete', 'progDistColdComplete', 'poCustColdComplete', 'simpMembInvtSubmit', 'progDistInvtComplete', 'simpMembColdNextBttn', 'progMembColdView', 'progMembColdComplete'}"
27,NC,"{'progDistColdView', 'simpDistColdIntent', 'simpMembInvtError', 'simpCustColdNextBttn', 'progCustColdIntent', 'simpCustInvtAccept', 'progMembInvtIntent', 'simpCustInvtView', 'progCustColdComplete', 'progMembInvtComplete', 'simpMembInvtIntent', 'progMembColdIntent', 'simpDistInvtComplete', 'simpDistColdFormStart', 'simpDistInvtLanding', 'simpCustInvtError', 'simpCustColdView', 'simpMembInvtComplete', 'legacyMembInvtIntent', 'progCustColdView', 'simpCustInvtSubmit', 'progDistInvtView', 'legacyMembInvtVerify', 'simpMembInvtView', 'simpCustColdIntent', 'simpDistInvtView', 'simpMembColdIntent', 'simpDistInvtAccept', 'progMembInvtView', 'simpDistColdFindAff', 'legacyMembColdComplete', 'poCustColdIntent', 'legacyMembColdVerify', 'simpCustInvtLanding', 'simpMembInvtLanding', 'progCustInvtView', 'simpCustInvtIntent', 'simpDistInvtSubmit', 'simpCustInvtComplete', 'simpMembColdFindAff', 'legacyMembInvtSubmit', 'simpDistInvtIntent', 'simpMembColdComplete', 'simpCustColdFormStart', 'simpDistInvtError', 'progCustInvtComplete', 'simpMembColdView', 'simpCustColdContactMe', 'simpDistColdComplete', 'legacyMembInvtComplete', 'simpMembInvtAccept', 'simpCustColdFindAff', 'simpDistColdView', 'simpMembColdFormStart', 'simpDistColdNextBttn', 'progDistColdIntent', 'simpCustColdComplete', 'progDistColdComplete', 'simpMembInvtSubmit', 'progDistInvtComplete', 'simpMembColdNextBttn', 'progMembColdView', 'progMembColdComplete'}"
28,NL,"{'progDistColdView', 'simpDistColdIntent', 'simpMembInvtError', 'simpCustColdNextBttn', 'progCustColdIntent', 'simpCustInvtAccept', 'progMembInvtIntent', 'simpCustInvtView', 'progCustColdComplete', 'progMembInvtComplete', 'simpMembInvtIntent', 'progMembColdIntent', 'simpDistInvtComplete', 'simpDistColdFormStart', 'simpDistInvtLanding', 'simpCustInvtError', 'simpCustColdView', 'simpMembInvtComplete', 'progCustColdView', 'legacyMembColdIntent', 'simpCustInvtSubmit', 'progDistInvtView', 'simpMembInvtView', 'simpCustColdIntent', 'legacyMembColdSubmit', 'simpDistInvtView', 'simpMembColdIntent', 'simpDistInvtAccept', 'progMembInvtView', 'simpDistColdFindAff', 'legacyMembColdComplete', 'poCustColdIntent', 'legacyMembColdVerify', 'simpCustInvtLanding', 'simpMembInvtLanding', 'progCustInvtView', 'simpCustInvtIntent', 'simpDistInvtSubmit', 'simpCustInvtComplete', 'simpMembColdFindAff', 'simpDistInvtIntent', 'simpMembColdComplete', 'simpCustColdFormStart', 'simpDistInvtError', 'progCustInvtComplete', 'simpMembColdView', 'simpCustColdContactMe', 'simpDistColdComplete', 'simpMembInvtAccept', 'simpCustColdFindAff', 'simpDistColdView', 'simpMembColdFormStart', 'simpDistColdNextBttn', 'progDistColdIntent', 'simpCustColdComplete', 'progDistColdComplete', 'simpMembInvtSubmit', 'progDistInvtComplete', 'simpMembColdNextBttn', 'progMembColdView', 'progMembColdComplete'}"
29,NO,"{'progDistColdView', 'simpDistColdIntent', 'simpMembInvtError', 'simpCustColdNextBttn', 'progCustColdIntent', 'simpCustInvtAccept', 'progMembInvtIntent', 'simpCustInvtView', 'progCustColdComplete', 'progMembInvtComplete', 'simpMembInvtIntent', 'progMembColdIntent', 'simpDistInvtComplete', 'simpDistColdFormStart', 'simpDistInvtLanding', 'simpCustInvtError', 'simpCustColdView', 'simpMembInvtComplete', 'progCustColdView', 'legacyMembColdIntent', 'simpCustInvtSubmit', 'progDistInvtView', 'simpMembInvtView', 'simpCustColdIntent', 'legacyMembColdSubmit', 'simpDistInvtView', 'simpMembColdIntent', 'simpDistInvtAccept', 'progMembInvtView', 'simpDistColdFindAff', 'legacyMembColdComplete', 'legacyMembColdView', 'poCustColdIntent', 'legacyMembColdVerify', 'simpCustInvtLanding', 'simpMembInvtLanding', 'progCustInvtView', 'simpCustInvtIntent', 'simpDistInvtSubmit', 'simpCustInvtComplete', 'simpMembColdFindAff', 'simpDistInvtIntent', 'simpMembColdComplete', 'simpCustColdFormStart', 'simpDistInvtError', 'progCustInvtComplete', 'simpMembColdView', 'simpCustColdContactMe', 'simpDistColdComplete', 'simpMembInvtAccept', 'simpCustColdFindAff', 'simpDistColdView', 'simpMembColdFormStart', 'simpDistColdNextBttn', 'progDistColdIntent', 'simpCustColdComplete', 'progDistColdComplete', 'simpMembInvtSubmit', 'progDistInvtComplete', 'simpMembColdNextBttn', 'progMembColdView', 'progMembColdComplete'}"
30,NZ,"{'progDistColdView', 'simpDistColdIntent', 'simpMembInvtError', 'simpCustColdNextBttn', 'progCustColdIntent', 'simpCustInvtAccept', 'progMembInvtIntent', 'simpCustInvtView', 'progCustColdComplete', 'progMembInvtComplete', 'simpMembInvtIntent', 'progMembColdIntent', 'simpDistInvtComplete', 'simpDistColdFormStart', 'simpDistInvtLanding', 'simpCustInvtError', 'simpCustColdView', 'simpMembInvtComplete', 'progCustColdView', 'simpCustInvtSubmit', 'progDistInvtView', 'simpMembInvtView', 'simpCustColdIntent', 'simpDistInvtView', 'simpMembColdIntent', 'simpDistInvtAccept', 'progMembInvtView', 'simpDistColdFindAff', 'simpCustInvtLanding', 'simpMembInvtLanding', 'progCustInvtView', 'simpCustInvtIntent', 'simpDistInvtSubmit', 'simpCustInvtComplete', 'simpMembColdFindAff', 'simpDistInvtIntent', 'simpMembColdComplete', 'simpCustColdFormStart', 'simpDistInvtError', 'progCustInvtComplete', 'simpMembColdView', 'simpCustColdContactMe', 'simpDistColdComplete', 'simpMembInvtAccept', 'simpCustColdFindAff', 'simpDistColdView', 'simpMembColdFormStart', 'simpDistColdNextBttn', 'progDistColdIntent', 'simpCustColdComplete', 'progDistColdComplete', 'simpMembInvtSubmit', 'progDistInvtComplete', 'simpMembColdNextBttn', 'progMembColdView', 'progMembColdComplete'}"
31,PE,"{'simpDistColdIntent', 'simpMembInvtError', 'simpCustColdNextBttn', 'simpCustInvtAccept', 'progMembInvtIntent', 'simpCustInvtView', 'simpMembInvtIntent', 'progMembColdIntent', 'legacyCustInvtVerify', 'simpDistInvtComplete', 'simpDistColdFormStart', 'simpDistInvtLanding', 'simpCustInvtError', 'simpCustColdView', 'simpMembInvtComplete', 'legacyMembInvtIntent', 'legacyMembColdIntent', 'simpCustInvtSubmit', 'legacyDistColdVerify', 'legacyDistInvtComplete', 'legacyCustColdView', 'legacyMembInvtVerify', 'simpMembInvtView', 'simpCustColdIntent', 'legacyMembColdSubmit', 'simpDistInvtView', 'simpMembColdIntent', 'legacyCustInvtSubmit', 'simpDistInvtAccept', 'simpDistColdFindAff', 'legacyMembColdComplete', 'legacyMembColdView', 'legacyDistInvtView', 'poCustColdIntent', 'legacyMembColdVerify', 'simpCustInvtLanding', 'legacyMembInvtView', 'simpMembInvtLanding', 'simpCustInvtIntent', 'simpDistInvtSubmit', 'legacyCustColdVerify', 'simpCustInvtComplete', 'simpMembColdFindAff', 'legacyMembInvtSubmit', 'simpDistInvtIntent', 'legacyDistColdComplete', 'simpMembColdComplete', 'simpCustColdFormStart', 'legacyCustColdSubmit', 'simpDistInvtError', 'legacyDistColdSubmit', 'legacyDistInvtIntent', 'legacyDistColdIntent', 'simpMembColdView', 'legacyDistInvtSubmit', 'simpCustColdContactMe', 'simpDistColdComplete', 'legacyMembInvtComplete', 'legacyCustColdComplete', 'simpMembInvtAccept', 'simpCustColdFindAff', 'simpDistColdView', 'simpMembColdFormStart', 'legacyCustInvtView', 'legacyCustInvtComplete', 'simpDistColdNextBttn', 'simpCustColdComplete', 'simpMembInvtSubmit', 'legacyDistInvtVerify', 'simpMembColdNextBttn', 'progMembColdView', 'legacyDistColdView', 'progMembColdComplete'}"
32,PF,"{'progDistColdView', 'simpDistColdIntent', 'simpMembInvtError', 'simpCustColdNextBttn', 'progCustColdIntent', 'simpCustInvtAccept', 'progMembInvtIntent', 'simpCustInvtView', 'progCustColdComplete', 'progMembInvtComplete', 'simpMembInvtIntent', 'progMembColdIntent', 'legacyCustInvtVerify', 'simpDistInvtComplete', 'simpDistColdFormStart', 'simpDistInvtLanding', 'simpCustInvtError', 'simpCustColdView', 'simpMembInvtComplete', 'progCustColdView', 'simpCustInvtSubmit', 'progDistInvtView', 'simpMembInvtView', 'simpCustColdIntent', 'simpDistInvtView', 'simpMembColdIntent', 'simpDistInvtAccept', 'progMembInvtView', 'simpDistColdFindAff', 'poCustColdIntent', 'simpCustInvtLanding', 'simpMembInvtLanding', 'progCustInvtView', 'simpCustInvtIntent', 'simpDistInvtSubmit', 'simpCustInvtComplete', 'simpMembColdFindAff', 'simpDistInvtIntent', 'simpMembColdComplete', 'simpCustColdFormStart', 'simpDistInvtError', 'progCustInvtComplete', 'simpMembColdView', 'simpCustColdContactMe', 'simpDistColdComplete', 'simpMembInvtAccept', 'simpCustColdFindAff', 'simpDistColdView', 'simpMembColdFormStart', 'legacyCustInvtComplete', 'simpDistColdNextBttn', 'progDistColdIntent', 'simpCustColdComplete', 'simpMembInvtSubmit', 'progDistInvtComplete', 'simpMembColdNextBttn', 'progMembColdView', 'progMembColdComplete'}"
33,PH,"{'progDistColdView', 'simpMembInvtError', 'simpCustColdNextBttn', 'progCustColdIntent', 'simpCustInvtAccept', 'progMembInvtIntent', 'simpCustInvtView', 'progCustColdComplete', 'progMembInvtComplete', 'simpMembInvtIntent', 'progMembColdIntent', 'legacyCustInvtVerify', 'simpDistInvtComplete', 'simpCustInvtError', 'simpCustColdView', 'simpMembInvtComplete', 'legacyMembInvtIntent', 'progCustColdView', 'legacyMembColdIntent', 'simpCustInvtSubmit', 'progDistInvtView', 'legacyCustColdView', 'legacyMembInvtVerify', 'simpMembInvtView', 'simpCustColdIntent', 'legacyMembColdSubmit', 'simpMembColdIntent', 'legacyCustInvtSubmit', 'progMembInvtView', 'legacyMembColdComplete', 'legacyMembColdView', 'poCustColdIntent', 'legacyMembColdVerify', 'simpCustInvtLanding', 'simpMembInvtLanding', 'progCustInvtView', 'simpCustInvtIntent', 'legacyCustColdVerify', 'simpCustInvtComplete', 'poCustColdView', 'simpMembColdFindAff', 'legacyMembInvtSubmit', 'simpMembColdComplete', 'simpCustColdFormStart', 'legacyCustColdSubmit', 'progCustInvtComplete', 'simpMembColdView', 'simpCustColdContactMe', 'legacyMembInvtComplete', 'legacyCustColdComplete', 'simpMembInvtAccept', 'simpCustColdFindAff', 'simpMembColdFormStart', 'legacyCustInvtView', 'legacyCustInvtComplete', 'progDistColdIntent', 'simpCustColdComplete', 'progDistColdComplete', 'poCustColdComplete', 'simpMembInvtSubmit', 'progDistInvtComplete', 'simpMembColdNextBttn', 'progMembColdView', 'progMembColdComplete'}"
34,PL,"{'progDistColdView', 'simpDistColdIntent', 'simpMembInvtError', 'simpCustColdNextBttn', 'progCustColdIntent', 'simpCustInvtAccept', 'progMembInvtIntent', 'simpCustInvtView', 'progCustColdComplete', 'progMembInvtComplete', 'simpMembInvtIntent', 'progMembColdIntent', 'simpDistInvtComplete', 'simpDistColdFormStart', 'simpDistInvtLanding', 'simpCustInvtError', 'simpCustColdView', 'simpMembInvtComplete', 'progCustColdView', 'simpCustInvtSubmit', 'progDistInvtView', 'simpMembInvtView', 'simpCustColdIntent', 'simpDistInvtView', 'simpMembColdIntent', 'simpDistInvtAccept', 'progMembInvtView', 'simpDistColdFindAff', 'poCustColdIntent', 'simpCustInvtLanding', 'simpMembInvtLanding', 'progCustInvtView', 'simpCustInvtIntent', 'simpDistInvtSubmit', 'simpCustInvtComplete', 'simpMembColdFindAff', 'simpDistInvtIntent', 'simpMembColdComplete', 'simpCustColdFormStart', 'simpDistInvtError', 'progCustInvtComplete', 'simpMembColdView', 'simpCustColdContactMe', 'simpDistColdComplete', 'simpMembInvtAccept', 'simpCustColdFindAff', 'simpDistColdView', 'simpMembColdFormStart', 'simpDistColdNextBttn', 'progDistColdIntent', 'simpCustColdComplete', 'progDistColdComplete', 'simpMembInvtSubmit', 'progDistInvtComplete', 'simpMembColdNextBttn', 'progMembColdView', 'progMembColdComplete'}"
35,PT,"{'progDistColdView', 'simpDistColdIntent', 'simpMembInvtError', 'simpCustColdNextBttn', 'progCustColdIntent', 'simpCustInvtAccept', 'progMembInvtIntent', 'simpCustInvtView', 'progCustColdComplete', 'progMembInvtComplete', 'simpMembInvtIntent', 'progMembColdIntent', 'simpDistInvtComplete', 'simpDistColdFormStart', 'simpDistInvtLanding', 'simpCustInvtError', 'simpCustColdView', 'simpMembInvtComplete', 'progCustColdView', 'simpCustInvtSubmit', 'progDistInvtView', 'simpMembInvtView', 'simpCustColdIntent', 'legacyMembColdSubmit', 'simpDistInvtView', 'simpMembColdIntent', 'simpDistInvtAccept', 'progMembInvtView', 'simpDistColdFindAff', 'poCustColdIntent', 'simpCustInvtLanding', 'simpMembInvtLanding', 'progCustInvtView', 'simpCustInvtIntent', 'simpDistInvtSubmit', 'simpCustInvtComplete', 'simpMembColdFindAff', 'simpDistInvtIntent', 'simpMembColdComplete', 'simpCustColdFormStart', 'simpDistInvtError', 'progCustInvtComplete', 'simpMembColdView', 'simpCustColdContactMe', 'simpDistColdComplete', 'simpMembInvtAccept', 'simpCustColdFindAff', 'simpDistColdView', 'simpMembColdFormStart', 'simpDistColdNextBttn', 'progDistColdIntent', 'simpCustColdComplete', 'progDistColdComplete', 'simpMembInvtSubmit', 'progDistInvtComplete', 'simpMembColdNextBttn', 'progMembColdView', 'progMembColdComplete'}"
36,RO,"{'progDistColdView', 'simpDistColdIntent', 'simpMembInvtError', 'simpCustColdNextBttn', 'progCustColdIntent', 'simpCustInvtAccept', 'progMembInvtIntent', 'simpCustInvtView', 'progCustColdComplete', 'progMembInvtComplete', 'simpMembInvtIntent', 'progMembColdIntent', 'simpDistInvtComplete', 'simpDistColdFormStart', 'simpDistInvtLanding', 'simpCustInvtError', 'simpCustColdView', 'simpMembInvtComplete', 'progCustColdView', 'simpCustInvtSubmit', 'progDistInvtView', 'simpMembInvtView', 'simpCustColdIntent', 'simpDistInvtView', 'simpMembColdIntent', 'simpDistInvtAccept', 'progMembInvtView', 'simpDistColdFindAff', 'poCustColdIntent', 'legacyMembColdVerify', 'simpCustInvtLanding', 'simpMembInvtLanding', 'progCustInvtView', 'simpCustInvtIntent', 'simpDistInvtSubmit', 'simpCustInvtComplete', 'simpMembColdFindAff', 'simpDistInvtIntent', 'simpMembColdComplete', 'simpCustColdFormStart', 'simpDistInvtError', 'progCustInvtComplete', 'simpMembColdView', 'simpCustColdContactMe', 'simpDistColdComplete', 'simpMembInvtAccept', 'simpCustColdFindAff', 'simpDistColdView', 'simpMembColdFormStart', 'simpDistColdNextBttn', 'progDistColdIntent', 'simpCustColdComplete', 'progDistColdComplete', 'simpMembInvtSubmit', 'progDistInvtComplete', 'simpMembColdNextBttn', 'progMembColdView', 'progMembColdComplete'}"
37,RU,"{'progDistColdView', 'simpDistColdIntent', 'simpMembInvtError', 'simpCustColdNextBttn', 'progCustColdIntent', 'simpCustInvtAccept', 'progMembInvtIntent', 'simpCustInvtView', 'progCustColdComplete', 'progMembInvtComplete', 'simpMembInvtIntent', 'progMembColdIntent', 'simpDistInvtComplete', 'simpDistColdFormStart', 'simpDistInvtLanding', 'simpCustInvtError', 'simpCustColdView', 'simpMembInvtComplete', 'progCustColdView', 'legacyMembColdIntent', 'simpCustInvtSubmit', 'progDistInvtView', 'simpMembInvtView', 'simpCustColdIntent', 'legacyMembColdSubmit', 'simpDistInvtView', 'simpMembColdIntent', 'simpDistInvtAccept', 'progMembInvtView', 'simpDistColdFindAff', 'legacyMembColdComplete', 'legacyMembColdView', 'poCustColdIntent', 'legacyMembColdVerify', 'simpCustInvtLanding', 'simpMembInvtLanding', 'progCustInvtView', 'simpCustInvtIntent', 'simpDistInvtSubmit', 'simpCustInvtComplete', 'simpMembColdFindAff', 'simpDistInvtIntent', 'simpMembColdComplete', 'simpCustColdFormStart', 'simpDistInvtError', 'progCustInvtComplete', 'simpMembColdView', 'simpCustColdContactMe', 'simpDistColdComplete', 'simpMembInvtAccept', 'simpCustColdFindAff', 'simpDistColdView', 'simpMembColdFormStart', 'simpDistColdNextBttn', 'progDistColdIntent', 'simpCustColdComplete', 'progDistColdComplete', 'simpMembInvtSubmit', 'progDistInvtComplete', 'simpMembColdNextBttn', 'progMembColdView', 'progMembColdComplete'}"
38,SE,"{'progDistColdView', 'simpDistColdIntent', 'simpMembInvtError', 'simpCustColdNextBttn', 'progCustColdIntent', 'simpCustInvtAccept', 'progMembInvtIntent', 'simpCustInvtView', 'progCustColdComplete', 'progMembInvtComplete', 'simpMembInvtIntent', 'progMembColdIntent', 'simpDistInvtComplete', 'simpDistColdFormStart', 'simpDistInvtLanding', 'simpCustInvtError', 'simpCustColdView', 'simpMembInvtComplete', 'progCustColdView', 'legacyMembColdIntent', 'simpCustInvtSubmit', 'progDistInvtView', 'simpMembInvtView', 'simpCustColdIntent', 'legacyMembColdSubmit', 'simpDistInvtView', 'simpMembColdIntent', 'simpDistInvtAccept', 'progMembInvtView', 'simpDistColdFindAff', 'legacyMembColdComplete', 'poCustColdIntent', 'legacyMembColdVerify', 'simpCustInvtLanding', 'simpMembInvtLanding', 'progCustInvtView', 'simpCustInvtIntent', 'simpDistInvtSubmit', 'simpCustInvtComplete', 'simpMembColdFindAff', 'simpDistInvtIntent', 'simpMembColdComplete', 'simpCustColdFormStart', 'simpDistInvtError', 'progCustInvtComplete', 'simpMembColdView', 'simpCustColdContactMe', 'simpDistColdComplete', 'simpMembInvtAccept', 'simpCustColdFindAff', 'simpDistColdView', 'simpMembColdFormStart', 'simpDistColdNextBttn', 'progDistColdIntent', 'simpCustColdComplete', 'progDistColdComplete', 'simpMembInvtSubmit', 'progDistInvtComplete', 'simpMembColdNextBttn', 'progMembColdView', 'progMembColdComplete'}"
39,SG,"{'progDistColdView', 'simpMembInvtError', 'simpCustColdNextBttn', 'progCustColdIntent', 'simpCustInvtAccept', 'progMembInvtIntent', 'simpCustInvtView', 'progCustColdComplete', 'progMembInvtComplete', 'simpMembInvtIntent', 'progMembColdIntent', 'legacyCustInvtVerify', 'simpDistInvtComplete', 'simpDistInvtLanding', 'simpCustInvtError', 'simpCustColdView', 'simpMembInvtComplete', 'legacyMembInvtIntent', 'progCustColdView', 'legacyMembColdIntent', 'simpCustInvtSubmit', 'progDistInvtView', 'legacyCustColdView', 'legacyMembInvtVerify', 'simpMembInvtView', 'simpCustColdIntent', 'legacyMembColdSubmit', 'simpMembColdIntent', 'legacyCustInvtSubmit', 'simpDistInvtAccept', 'progMembInvtView', 'legacyMembColdComplete', 'legacyMembColdView', 'poCustColdIntent', 'legacyMembColdVerify', 'simpCustInvtLanding', 'legacyMembInvtView', 'simpMembInvtLanding', 'progCustInvtView', 'simpCustInvtIntent', 'simpDistInvtSubmit', 'legacyCustColdVerify', 'simpCustInvtComplete', 'simpMembColdFindAff', 'legacyMembInvtSubmit', 'simpMembColdComplete', 'simpCustColdFormStart', 'legacyCustColdSubmit', 'progCustInvtComplete', 'simpMembColdView', 'simpCustColdContactMe', 'legacyMembInvtComplete', 'legacyCustColdComplete', 'simpMembInvtAccept', 'simpCustColdFindAff', 'simpMembColdFormStart', 'legacyCustInvtView', 'legacyCustInvtComplete', 'progDistColdIntent', 'simpCustColdComplete', 'progDistColdComplete', 'simpMembInvtSubmit', 'progDistInvtComplete', 'simpMembColdNextBttn', 'progMembColdView', 'progMembColdComplete'}"
40,SK,"{'progDistColdView', 'simpDistColdIntent', 'simpMembInvtError', 'simpCustColdNextBttn', 'progCustColdIntent', 'simpCustInvtAccept', 'progMembInvtIntent', 'simpCustInvtView', 'progCustColdComplete', 'progMembInvtComplete', 'simpMembInvtIntent', 'progMembColdIntent', 'simpDistInvtComplete', 'simpDistColdFormStart', 'simpDistInvtLanding', 'simpCustInvtError', 'simpCustColdView', 'simpMembInvtComplete', 'progCustColdView', 'legacyMembColdIntent', 'simpCustInvtSubmit', 'progDistInvtView', 'simpMembInvtView', 'simpCustColdIntent', 'legacyMembColdSubmit', 'simpDistInvtView', 'simpMembColdIntent', 'simpDistInvtAccept', 'progMembInvtView', 'simpDistColdFindAff', 'legacyMembColdComplete', 'poCustColdIntent', 'legacyMembColdVerify', 'simpCustInvtLanding', 'simpMembInvtLanding', 'progCustInvtView', 'simpCustInvtIntent', 'simpDistInvtSubmit', 'simpCustInvtComplete', 'simpMembColdFindAff', 'simpDistInvtIntent', 'simpMembColdComplete', 'simpCustColdFormStart', 'simpDistInvtError', 'progCustInvtComplete', 'simpMembColdView', 'simpCustColdContactMe', 'simpDistColdComplete', 'simpMembInvtAccept', 'simpCustColdFindAff', 'simpDistColdView', 'simpMembColdFormStart', 'simpDistColdNextBttn', 'progDistColdIntent', 'simpCustColdComplete', 'progDistColdComplete', 'simpMembInvtSubmit', 'progDistInvtComplete', 'simpMembColdNextBttn', 'progMembColdView', 'progMembColdComplete'}"
41,TH,"{'progDistColdView', 'simpMembInvtError', 'simpCustColdNextBttn', 'simpCustInvtAccept', 'progMembInvtIntent', 'simpCustInvtView', 'progMembInvtComplete', 'simpMembInvtIntent', 'progMembColdIntent', 'legacyCustInvtVerify', 'simpDistInvtComplete', 'simpDistInvtLanding', 'simpCustInvtError', 'simpCustColdView', 'simpMembInvtComplete', 'legacyMembInvtIntent', 'legacyMembColdIntent', 'simpCustInvtSubmit', 'progDistInvtView', 'legacyCustColdView', 'legacyMembInvtVerify', 'simpMembInvtView', 'simpCustColdIntent', 'legacyMembColdSubmit', 'simpDistInvtView', 'simpMembColdIntent', 'legacyCustInvtSubmit', 'simpDistInvtAccept', 'progMembInvtView', 'legacyMembColdComplete', 'legacyMembColdView', 'poCustColdIntent', 'legacyMembColdVerify', 'simpCustInvtLanding', 'legacyMembInvtView', 'simpMembInvtLanding', 'simpCustInvtIntent', 'simpDistInvtSubmit', 'legacyCustColdVerify', 'simpCustInvtComplete', 'simpMembColdFindAff', 'legacyMembInvtSubmit', 'simpDistInvtIntent', 'simpMembColdComplete', 'simpCustColdFormStart', 'legacyCustColdSubmit', 'simpMembColdView', 'simpCustColdContactMe', 'legacyMembInvtComplete', 'legacyCustColdComplete', 'simpMembInvtAccept', 'simpCustColdFindAff', 'simpMembColdFormStart', 'legacyCustInvtView', 'legacyCustInvtComplete', 'simpCustColdComplete', 'progDistColdComplete', 'simpMembInvtSubmit', 'progDistInvtComplete', 'simpMembColdNextBttn', 'progMembColdView', 'progMembColdComplete'}"
42,UA,"{'progDistColdView', 'simpDistColdIntent', 'simpMembInvtError', 'simpCustColdNextBttn', 'progCustColdIntent', 'simpCustInvtAccept', 'progMembInvtIntent', 'simpCustInvtView', 'progCustColdComplete', 'progMembInvtComplete', 'simpMembInvtIntent', 'progMembColdIntent', 'legacyCustInvtVerify', 'simpDistInvtComplete', 'simpDistColdFormStart', 'simpDistInvtLanding', 'simpCustInvtError', 'simpCustColdView', 'simpMembInvtComplete', 'progCustColdView', 'legacyMembColdIntent', 'simpCustInvtSubmit', 'progDistInvtView', 'simpMembInvtView', 'simpCustColdIntent', 'legacyMembColdSubmit', 'simpDistInvtView', 'simpMembColdIntent', 'legacyCustInvtSubmit', 'simpDistInvtAccept', 'progMembInvtView', 'simpDistColdFindAff', 'legacyMembColdComplete', 'legacyMembColdView', 'poCustColdIntent', 'legacyMembColdVerify', 'simpCustInvtLanding', 'simpMembInvtLanding', 'progCustInvtView', 'simpCustInvtIntent', 'simpDistInvtSubmit', 'simpCustInvtComplete', 'simpMembColdFindAff', 'simpDistInvtIntent', 'simpMembColdComplete', 'simpCustColdFormStart', 'simpDistInvtError', 'progCustInvtComplete', 'simpMembColdView', 'simpCustColdContactMe', 'simpDistColdComplete', 'simpMembInvtAccept', 'simpCustColdFindAff', 'simpDistColdView', 'simpMembColdFormStart', 'simpDistColdNextBttn', 'progDistColdIntent', 'simpCustColdComplete', 'progDistColdComplete', 'simpMembInvtSubmit', 'progDistInvtComplete', 'simpMembColdNextBttn', 'progMembColdView', 'progMembColdComplete'}"
43,US,"{'progDistColdView', 'simpDistColdIntent', 'simpMembInvtError', 'progMembInvtIntent', 'progMembInvtComplete', 'simpMembInvtIntent', 'progMembColdIntent', 'simpDistInvtComplete', 'simpCustInvtError', 'simpMembInvtComplete', 'simpCustInvtSubmit', 'progDistInvtView', 'simpMembInvtView', 'progMembInvtView', 'simpDistColdFindAff', 'simpMembInvtLanding', 'progCustInvtView', 'simpDistInvtSubmit', 'simpCustInvtComplete', 'simpMembColdComplete', 'simpDistInvtError', 'progCustInvtComplete', 'simpCustColdContactMe', 'simpMembInvtAccept', 'simpDistColdNextBttn', 'simpCustColdComplete', 'simpMembInvtSubmit', 'progDistInvtComplete', 'progMembColdView', 'progMembColdComplete'}"
44,VN,"{'progDistColdView', 'simpDistColdIntent', 'simpCustColdNextBttn', 'progCustColdIntent', 'simpCustInvtAccept', 'progMembInvtIntent', 'simpCustInvtView', 'progCustColdComplete', 'progMembInvtComplete', 'progMembColdIntent', 'legacyCustInvtVerify', 'simpDistInvtComplete', 'simpDistColdFormStart', 'simpDistInvtLanding', 'simpCustInvtError', 'simpCustColdView', 'progCustColdView', 'simpCustInvtSubmit', 'legacyDistInvtComplete', 'progDistInvtView', 'legacyCustColdView', 'simpCustColdIntent', 'simpDistInvtView', 'legacyCustInvtSubmit', 'simpDistInvtAccept', 'progMembInvtView', 'simpDistColdFindAff', 'legacyDistInvtView', 'poCustColdIntent', 'simpCustInvtLanding', 'progCustInvtView', 'simpCustInvtIntent', 'simpDistInvtSubmit', 'legacyCustColdVerify', 'simpCustInvtComplete', 'poCustColdView', 'simpDistInvtIntent', 'legacyDistColdComplete', 'simpCustColdFormStart', 'legacyCustColdSubmit', 'simpDistInvtError', 'progCustInvtComplete', 'legacyDistInvtIntent', 'legacyDistInvtSubmit', 'simpCustColdContactMe', 'simpDistColdComplete', 'legacyCustColdComplete', 'simpCustColdFindAff', 'simpDistColdView', 'legacyCustInvtView', 'legacyCustInvtComplete', 'simpDistColdNextBttn', 'progDistColdIntent', 'simpCustColdComplete', 'progDistColdComplete', 'poCustColdComplete', 'legacyDistInvtVerify', 'progDistInvtComplete', 'progMembColdView', 'progMembColdComplete'}"
45,ZA,"{'progDistColdView', 'simpDistColdIntent', 'simpMembInvtError', 'simpCustColdNextBttn', 'progCustColdIntent', 'simpCustInvtAccept', 'progMembInvtIntent', 'simpCustInvtView', 'progCustColdComplete', 'progMembInvtComplete', 'simpMembInvtIntent', 'progMembColdIntent', 'simpDistInvtComplete', 'simpDistColdFormStart', 'simpDistInvtLanding', 'simpCustInvtError', 'simpCustColdView', 'simpMembInvtComplete', 'progCustColdView', 'simpCustInvtSubmit', 'progDistInvtView', 'simpMembInvtView', 'simpCustColdIntent', 'simpDistInvtView', 'simpMembColdIntent', 'simpDistInvtAccept', 'progMembInvtView', 'simpDistColdFindAff', 'poCustColdIntent', 'simpCustInvtLanding', 'simpMembInvtLanding', 'progCustInvtView', 'simpCustInvtIntent', 'simpDistInvtSubmit', 'simpCustInvtComplete', 'simpMembColdFindAff', 'simpDistInvtIntent', 'simpMembColdComplete', 'simpCustColdFormStart', 'simpDistInvtError', 'progCustInvtComplete', 'simpMembColdView', 'simpCustColdContactMe', 'simpDistColdComplete', 'simpMembInvtAccept', 'simpCustColdFindAff', 'simpDistColdView', 'simpMembColdFormStart', 'simpDistColdNextBttn', 'progDistColdIntent', 'simpCustColdComplete', 'progDistColdComplete', 'simpMembInvtSubmit', 'progDistInvtComplete', 'simpMembColdNextBttn', 'progMembColdView', 'progMembColdComplete'}"
