,AR,AT,AU,BE,BN,CA,CH,CL,CO,CZ,DE,DK,ES,FI,FR,GB,HK,HU,ID,IE,IL,IS,IT,JP,LU,MX,MY,NC,NL,NO,NZ,PE,PF,PH,PL,PT,RO,RU,SE,SG,SK,TH,UA,US,VN,ZA
0,"[{'simpDistInvtView', 'simpCustInvtError', 'simpDistInvtError', 'progMembInvtView', 'simpMembColdNextBttn', 'simpCustInvtIntent', 'simpDistColdComplete', 'simpMembInvtSubmit', 'legacyDistColdIntent', 'simpDistColdNextBttn', 'simpCustColdIntent', 'simpCustColdFindAff', 'simpCustColdNextBttn', 'simpDistInvtSubmit', 'simpMembInvtIntent', 'simpMembColdView', 'simpDistInvtComplete', 'progDistInvtComplete', 'simpDistColdView', 'simpDistInvtIntent', 'simpMembColdFormStart', 'simpMembColdIntent', 'poCustColdIntent', 'progCustInvtView', 'simpDistColdIntent', 'progMembInvtIntent', 'progMembColdView', 'simpCustColdFormStart', 'simpMembColdComplete', 'simpCustColdView', 'simpMembColdFindAff', 'progDistColdView', 'simpMembInvtAccept', 'progCustColdView', 'progMembColdComplete', 'simpMembInvtError', 'progDistColdComplete', 'simpCustInvtAccept', 'simpCustInvtSubmit', 'simpMembInvtView', 'progCustInvtComplete', 'progMembColdIntent', 'progDistColdIntent', 'progDistInvtView', 'simpCustColdComplete', 'progCustColdIntent', 'simpCustColdContactMe', 'simpMembInvtComplete', 'simpCustInvtLanding', 'progMembInvtComplete', 'simpMembInvtLanding', 'simpDistColdFormStart', 'simpCustInvtView', 'simpDistInvtLanding', 'progCustColdComplete', 'simpDistColdFindAff', 'simpDistInvtAccept', 'simpCustInvtComplete'}]",,,,,,,,,,,,,,,,,,,,,,,,,,,,,,,,,,,,,,,,,,,,,
1,,"[{'legacyMembColdComplete', 'simpDistInvtView', 'simpCustInvtError', 'simpDistInvtError', 'progMembInvtView', 'simpMembColdNextBttn', 'simpCustInvtIntent', 'simpDistColdComplete', 'simpMembInvtSubmit', 'legacyMembColdSubmit', 'simpDistColdNextBttn', 'simpCustColdIntent', 'simpCustColdFindAff', 'simpCustColdNextBttn', 'simpDistInvtSubmit', 'simpMembInvtIntent', 'simpMembColdView', 'simpDistInvtComplete', 'progDistInvtComplete', 'simpDistColdView', 'simpDistInvtIntent', 'simpMembColdFormStart', 'simpMembColdIntent', 'poCustColdIntent', 'progCustInvtView', 'simpDistColdIntent', 'progMembInvtIntent', 'legacyMembColdIntent', 'progMembColdView', 'simpCustColdFormStart', 'simpMembColdComplete', 'simpCustColdView', 'simpMembColdFindAff', 'progDistColdView', 'simpMembInvtAccept', 'progCustColdView', 'legacyMembColdVerify', 'progMembColdComplete', 'simpMembInvtError', 'progDistColdComplete', 'simpCustInvtAccept', 'simpCustInvtSubmit', 'simpMembInvtView', 'progCustInvtComplete', 'progMembColdIntent', 'progDistColdIntent', 'progDistInvtView', 'simpCustColdComplete', 'progCustColdIntent', 'simpCustColdContactMe', 'simpMembInvtComplete', 'simpCustInvtLanding', 'progMembInvtComplete', 'simpMembInvtLanding', 'simpDistColdFormStart', 'simpCustInvtView', 'simpDistInvtLanding', 'progCustColdComplete', 'simpDistColdFindAff', 'simpDistInvtAccept', 'simpCustInvtComplete'}]",,,,,,,,,,,,,,,,,,,,,,,,,,,,,,,,,,,,,,,,,,,,
2,,,"[{'simpDistInvtView', 'simpCustInvtError', 'simpDistInvtError', 'progMembInvtView', 'simpMembColdNextBttn', 'simpCustInvtIntent', 'simpDistColdComplete', 'simpMembInvtSubmit', 'simpDistColdNextBttn', 'simpCustColdIntent', 'simpCustColdFindAff', 'simpCustColdNextBttn', 'simpDistInvtSubmit', 'simpMembInvtIntent', 'simpMembColdView', 'simpDistInvtComplete', 'progDistInvtComplete', 'simpDistColdView', 'simpDistInvtIntent', 'simpMembColdFormStart', 'simpMembColdIntent', 'progCustInvtView', 'simpDistColdIntent', 'progMembInvtIntent', 'progMembColdView', 'simpCustColdFormStart', 'simpMembColdComplete', 'simpCustColdView', 'simpMembColdFindAff', 'progDistColdView', 'simpMembInvtAccept', 'progCustColdView', 'progMembColdComplete', 'simpMembInvtError', 'progDistColdComplete', 'simpCustInvtAccept', 'simpCustInvtSubmit', 'simpMembInvtView', 'progCustInvtComplete', 'progMembColdIntent', 'progDistColdIntent', 'progDistInvtView', 'simpCustColdComplete', 'progCustColdIntent', 'simpCustColdContactMe', 'simpMembInvtComplete', 'simpCustInvtLanding', 'progMembInvtComplete', 'simpMembInvtLanding', 'simpDistColdFormStart', 'simpCustInvtView', 'simpDistInvtLanding', 'progCustColdComplete', 'simpDistColdFindAff', 'simpDistInvtAccept', 'simpCustInvtComplete'}]",,,,,,,,,,,,,,,,,,,,,,,,,,,,,,,,,,,,,,,,,,,
3,,,,"[{'legacyMembColdComplete', 'simpDistInvtView', 'simpCustInvtError', 'simpDistInvtError', 'progMembInvtView', 'simpMembColdNextBttn', 'simpCustInvtIntent', 'simpDistColdComplete', 'simpMembInvtSubmit', 'legacyMembColdSubmit', 'simpCustColdIntent', 'simpCustColdFindAff', 'simpCustColdNextBttn', 'simpDistInvtSubmit', 'simpMembInvtIntent', 'simpMembColdView', 'simpDistInvtComplete', 'progDistInvtComplete', 'simpDistInvtIntent', 'simpMembColdFormStart', 'simpMembColdIntent', 'poCustColdIntent', 'progCustInvtView', 'progMembInvtIntent', 'legacyMembColdIntent', 'progMembColdView', 'simpCustColdFormStart', 'simpMembColdComplete', 'simpCustColdView', 'simpMembColdFindAff', 'progDistColdView', 'simpMembInvtAccept', 'progCustColdView', 'legacyMembColdVerify', 'progMembColdComplete', 'simpMembInvtError', 'progDistColdComplete', 'simpCustInvtAccept', 'simpCustInvtSubmit', 'simpMembInvtView', 'progCustInvtComplete', 'progMembColdIntent', 'progDistColdIntent', 'progDistInvtView', 'simpCustColdComplete', 'progCustColdIntent', 'simpCustColdContactMe', 'simpMembInvtComplete', 'simpCustInvtLanding', 'progMembInvtComplete', 'simpMembInvtLanding', 'simpDistColdFormStart', 'simpCustInvtView', 'simpDistInvtLanding', 'progCustColdComplete', 'simpDistInvtAccept', 'simpCustInvtComplete'}]",,,,,,,,,,,,,,,,,,,,,,,,,,,,,,,,,,,,,,,,,,
4,,,,,"[{'legacyMembColdComplete', 'simpCustInvtError', 'legacyMembInvtComplete', 'legacyCustColdSubmit', 'legacyCustColdComplete', 'progMembInvtView', 'simpMembColdNextBttn', 'simpCustInvtIntent', 'legacyCustInvtVerify', 'simpMembInvtSubmit', 'legacyMembColdSubmit', 'simpCustColdIntent', 'simpCustColdFindAff', 'simpCustColdNextBttn', 'simpMembInvtIntent', 'legacyMembInvtIntent', 'legacyMembInvtSubmit', 'simpMembColdView', 'progDistInvtComplete', 'simpMembColdFormStart', 'simpMembColdIntent', 'poCustColdIntent', 'progCustInvtView', 'legacyCustColdVerify', 'progMembInvtIntent', 'legacyMembColdIntent', 'poCustColdComplete', 'legacyMembInvtVerify', 'poCustColdView', 'progMembColdView', 'simpCustColdFormStart', 'simpMembColdComplete', 'simpCustColdView', 'simpMembColdFindAff', 'legacyCustInvtView', 'progDistColdView', 'simpMembInvtAccept', 'legacyMembColdView', 'legacyCustInvtComplete', 'legacyMembInvtView', 'progCustColdView', 'legacyMembColdVerify', 'progMembColdComplete', 'simpMembInvtError', 'progDistColdComplete', 'simpCustInvtAccept', 'simpCustInvtSubmit', 'simpMembInvtView', 'legacyCustColdView', 'progCustInvtComplete', 'progMembColdIntent', 'progDistColdIntent', 'progDistInvtView', 'simpCustColdComplete', 'progCustColdIntent', 'simpCustColdContactMe', 'simpMembInvtComplete', 'simpCustInvtLanding', 'progMembInvtComplete', 'simpMembInvtLanding', 'simpCustInvtView', 'progCustColdComplete', 'legacyCustInvtSubmit', 'simpCustInvtComplete'}]",,,,,,,,,,,,,,,,,,,,,,,,,,,,,,,,,,,,,,,,,
5,,,,,,"[{'simpDistInvtView', 'simpCustInvtError', 'simpDistInvtError', 'progMembInvtView', 'simpMembColdNextBttn', 'simpCustInvtIntent', 'simpDistColdComplete', 'simpMembInvtSubmit', 'simpCustColdIntent', 'simpCustColdFindAff', 'simpCustColdNextBttn', 'simpDistInvtSubmit', 'simpMembInvtIntent', 'simpMembColdView', 'simpDistInvtComplete', 'progDistInvtComplete', 'simpDistInvtIntent', 'simpMembColdFormStart', 'simpMembColdIntent', 'progCustInvtView', 'progMembInvtIntent', 'progMembColdView', 'simpCustColdFormStart', 'simpMembColdComplete', 'simpCustColdView', 'simpMembColdFindAff', 'progDistColdView', 'simpMembInvtAccept', 'progCustColdView', 'progMembColdComplete', 'simpMembInvtError', 'progDistColdComplete', 'simpCustInvtAccept', 'simpCustInvtSubmit', 'simpMembInvtView', 'progCustInvtComplete', 'progMembColdIntent', 'progDistColdIntent', 'progDistInvtView', 'simpCustColdComplete', 'progCustColdIntent', 'simpCustColdContactMe', 'simpMembInvtComplete', 'simpCustInvtLanding', 'progMembInvtComplete', 'simpMembInvtLanding', 'simpDistColdFormStart', 'simpCustInvtView', 'simpDistInvtLanding', 'progCustColdComplete', 'simpDistInvtAccept', 'simpCustInvtComplete'}]",,,,,,,,,,,,,,,,,,,,,,,,,,,,,,,,,,,,,,,,
6,,,,,,,"[{'legacyMembColdComplete', 'simpDistInvtView', 'simpCustInvtError', 'simpDistInvtError', 'progMembInvtView', 'simpMembColdNextBttn', 'simpCustInvtIntent', 'simpDistColdComplete', 'simpMembInvtSubmit', 'legacyMembColdSubmit', 'simpDistColdNextBttn', 'simpCustColdIntent', 'simpCustColdFindAff', 'simpCustColdNextBttn', 'simpDistInvtSubmit', 'simpMembInvtIntent', 'simpMembColdView', 'simpDistInvtComplete', 'progDistInvtComplete', 'simpDistColdView', 'simpDistInvtIntent', 'simpMembColdFormStart', 'simpMembColdIntent', 'poCustColdIntent', 'progCustInvtView', 'simpDistColdIntent', 'progMembInvtIntent', 'legacyMembColdIntent', 'progMembColdView', 'simpCustColdFormStart', 'simpMembColdComplete', 'simpCustColdView', 'simpMembColdFindAff', 'progDistColdView', 'simpMembInvtAccept', 'legacyMembColdView', 'progCustColdView', 'legacyMembColdVerify', 'progMembColdComplete', 'simpMembInvtError', 'progDistColdComplete', 'simpCustInvtAccept', 'simpCustInvtSubmit', 'simpMembInvtView', 'progCustInvtComplete', 'progMembColdIntent', 'progDistColdIntent', 'progDistInvtView', 'simpCustColdComplete', 'progCustColdIntent', 'simpCustColdContactMe', 'simpMembInvtComplete', 'simpCustInvtLanding', 'progMembInvtComplete', 'simpMembInvtLanding', 'simpDistColdFormStart', 'simpCustInvtView', 'simpDistInvtLanding', 'progCustColdComplete', 'simpDistColdFindAff', 'simpDistInvtAccept', 'simpCustInvtComplete'}]",,,,,,,,,,,,,,,,,,,,,,,,,,,,,,,,,,,,,,,
7,,,,,,,,"[{'simpDistInvtView', 'simpCustInvtError', 'simpDistInvtError', 'progMembInvtView', 'simpMembColdNextBttn', 'simpCustInvtIntent', 'simpDistColdComplete', 'simpMembInvtSubmit', 'simpDistColdNextBttn', 'simpCustColdIntent', 'simpCustColdFindAff', 'simpCustColdNextBttn', 'simpDistInvtSubmit', 'simpMembInvtIntent', 'simpMembColdView', 'simpDistInvtComplete', 'progDistInvtComplete', 'simpDistColdView', 'simpDistInvtIntent', 'simpMembColdFormStart', 'simpMembColdIntent', 'poCustColdIntent', 'progCustInvtView', 'simpDistColdIntent', 'progMembInvtIntent', 'progMembColdView', 'simpCustColdFormStart', 'simpMembColdComplete', 'simpCustColdView', 'simpMembColdFindAff', 'progDistColdView', 'simpMembInvtAccept', 'progCustColdView', 'progMembColdComplete', 'simpMembInvtError', 'progDistColdComplete', 'simpCustInvtAccept', 'simpCustInvtSubmit', 'simpMembInvtView', 'progCustInvtComplete', 'progMembColdIntent', 'progDistColdIntent', 'progDistInvtView', 'simpCustColdComplete', 'progCustColdIntent', 'simpCustColdContactMe', 'simpMembInvtComplete', 'simpCustInvtLanding', 'progMembInvtComplete', 'simpMembInvtLanding', 'simpDistColdFormStart', 'simpCustInvtView', 'simpDistInvtLanding', 'progCustColdComplete', 'simpDistColdFindAff', 'simpDistInvtAccept', 'simpCustInvtComplete'}]",,,,,,,,,,,,,,,,,,,,,,,,,,,,,,,,,,,,,,
8,,,,,,,,,"[{'simpDistInvtView', 'simpCustInvtError', 'simpDistInvtError', 'progMembInvtView', 'simpMembColdNextBttn', 'simpCustInvtIntent', 'simpDistColdComplete', 'simpMembInvtSubmit', 'simpDistColdNextBttn', 'simpCustColdIntent', 'simpCustColdFindAff', 'simpCustColdNextBttn', 'simpDistInvtSubmit', 'simpMembInvtIntent', 'simpMembColdView', 'simpDistInvtComplete', 'progDistInvtComplete', 'simpDistColdView', 'simpDistInvtIntent', 'simpMembColdFormStart', 'simpMembColdIntent', 'poCustColdIntent', 'progCustInvtView', 'simpDistColdIntent', 'progMembInvtIntent', 'progMembColdView', 'simpCustColdFormStart', 'simpMembColdComplete', 'simpCustColdView', 'simpMembColdFindAff', 'progDistColdView', 'simpMembInvtAccept', 'progCustColdView', 'progMembColdComplete', 'simpMembInvtError', 'progDistColdComplete', 'simpCustInvtAccept', 'simpCustInvtSubmit', 'simpMembInvtView', 'progCustInvtComplete', 'progMembColdIntent', 'progDistColdIntent', 'progDistInvtView', 'simpCustColdComplete', 'progCustColdIntent', 'simpCustColdContactMe', 'simpMembInvtComplete', 'simpCustInvtLanding', 'progMembInvtComplete', 'simpMembInvtLanding', 'simpDistColdFormStart', 'simpCustInvtView', 'simpDistInvtLanding', 'progCustColdComplete', 'simpDistColdFindAff', 'simpDistInvtAccept', 'simpCustInvtComplete'}]",,,,,,,,,,,,,,,,,,,,,,,,,,,,,,,,,,,,,
9,,,,,,,,,,"[{'simpDistInvtView', 'simpCustInvtError', 'simpDistInvtError', 'progMembInvtView', 'simpMembColdNextBttn', 'simpCustInvtIntent', 'simpDistColdComplete', 'simpMembInvtSubmit', 'simpDistColdNextBttn', 'simpCustColdIntent', 'simpCustColdFindAff', 'simpCustColdNextBttn', 'simpDistInvtSubmit', 'simpMembInvtIntent', 'simpMembColdView', 'simpDistInvtComplete', 'progDistInvtComplete', 'simpDistColdView', 'simpDistInvtIntent', 'simpMembColdFormStart', 'simpMembColdIntent', 'poCustColdIntent', 'progCustInvtView', 'simpDistColdIntent', 'progMembInvtIntent', 'progMembColdView', 'simpCustColdFormStart', 'simpMembColdComplete', 'simpCustColdView', 'simpMembColdFindAff', 'progDistColdView', 'simpMembInvtAccept', 'progCustColdView', 'progMembColdComplete', 'simpMembInvtError', 'progDistColdComplete', 'simpCustInvtAccept', 'simpCustInvtSubmit', 'simpMembInvtView', 'progCustInvtComplete', 'progMembColdIntent', 'progDistColdIntent', 'progDistInvtView', 'simpCustColdComplete', 'progCustColdIntent', 'simpCustColdContactMe', 'simpMembInvtComplete', 'simpCustInvtLanding', 'progMembInvtComplete', 'simpMembInvtLanding', 'simpDistColdFormStart', 'simpCustInvtView', 'simpDistInvtLanding', 'progCustColdComplete', 'simpDistColdFindAff', 'simpDistInvtAccept', 'simpCustInvtComplete'}]",,,,,,,,,,,,,,,,,,,,,,,,,,,,,,,,,,,,
10,,,,,,,,,,,"[{'simpDistInvtView', 'simpCustInvtError', 'simpDistInvtError', 'progMembInvtView', 'simpMembColdNextBttn', 'simpCustInvtIntent', 'simpDistColdComplete', 'simpMembInvtSubmit', 'simpDistColdNextBttn', 'simpCustColdIntent', 'simpCustColdFindAff', 'simpCustColdNextBttn', 'simpDistInvtSubmit', 'simpMembInvtIntent', 'simpMembColdView', 'simpDistInvtComplete', 'progDistInvtComplete', 'simpDistColdView', 'simpDistInvtIntent', 'simpMembColdFormStart', 'simpMembColdIntent', 'poCustColdIntent', 'progCustInvtView', 'simpDistColdIntent', 'progMembInvtIntent', 'progMembColdView', 'simpCustColdFormStart', 'simpMembColdComplete', 'simpCustColdView', 'simpMembColdFindAff', 'progDistColdView', 'simpMembInvtAccept', 'progCustColdView', 'progMembColdComplete', 'simpMembInvtError', 'progDistColdComplete', 'simpCustInvtAccept', 'simpCustInvtSubmit', 'simpMembInvtView', 'progCustInvtComplete', 'progMembColdIntent', 'progDistColdIntent', 'progDistInvtView', 'simpCustColdComplete', 'progCustColdIntent', 'simpCustColdContactMe', 'simpMembInvtComplete', 'simpCustInvtLanding', 'progMembInvtComplete', 'simpMembInvtLanding', 'simpDistColdFormStart', 'simpCustInvtView', 'simpDistInvtLanding', 'progCustColdComplete', 'simpDistColdFindAff', 'simpDistInvtAccept', 'simpCustInvtComplete'}]",,,,,,,,,,,,,,,,,,,,,,,,,,,,,,,,,,,
11,,,,,,,,,,,,"[{'legacyMembColdComplete', 'simpDistInvtView', 'simpCustInvtError', 'simpDistInvtError', 'progMembInvtView', 'simpMembColdNextBttn', 'simpCustInvtIntent', 'simpDistColdComplete', 'simpMembInvtSubmit', 'legacyMembColdSubmit', 'simpDistColdNextBttn', 'simpCustColdIntent', 'simpCustColdFindAff', 'simpCustColdNextBttn', 'simpDistInvtSubmit', 'simpMembInvtIntent', 'simpMembColdView', 'simpDistInvtComplete', 'progDistInvtComplete', 'simpDistColdView', 'simpDistInvtIntent', 'simpMembColdFormStart', 'simpMembColdIntent', 'poCustColdIntent', 'progCustInvtView', 'simpDistColdIntent', 'progMembInvtIntent', 'legacyMembColdIntent', 'progMembColdView', 'simpCustColdFormStart', 'simpMembColdComplete', 'simpCustColdView', 'simpMembColdFindAff', 'progDistColdView', 'simpMembInvtAccept', 'legacyMembColdView', 'progCustColdView', 'legacyMembColdVerify', 'progMembColdComplete', 'simpMembInvtError', 'progDistColdComplete', 'simpCustInvtAccept', 'simpCustInvtSubmit', 'simpMembInvtView', 'progCustInvtComplete', 'progMembColdIntent', 'progDistColdIntent', 'progDistInvtView', 'simpCustColdComplete', 'progCustColdIntent', 'simpCustColdContactMe', 'simpMembInvtComplete', 'simpCustInvtLanding', 'progMembInvtComplete', 'simpMembInvtLanding', 'simpDistColdFormStart', 'simpCustInvtView', 'simpDistInvtLanding', 'progCustColdComplete', 'simpDistColdFindAff', 'simpDistInvtAccept', 'simpCustInvtComplete'}]",,,,,,,,,,,,,,,,,,,,,,,,,,,,,,,,,,
12,,,,,,,,,,,,,"[{'simpDistInvtView', 'simpCustInvtError', 'simpDistInvtError', 'progMembInvtView', 'simpMembColdNextBttn', 'simpCustInvtIntent', 'simpDistColdComplete', 'simpMembInvtSubmit', 'simpDistColdNextBttn', 'simpCustColdIntent', 'simpCustColdFindAff', 'simpCustColdNextBttn', 'simpDistInvtSubmit', 'simpMembInvtIntent', 'simpMembColdView', 'simpDistInvtComplete', 'progDistInvtComplete', 'simpDistColdView', 'simpDistInvtIntent', 'simpMembColdFormStart', 'simpMembColdIntent', 'poCustColdIntent', 'progCustInvtView', 'simpDistColdIntent', 'progMembInvtIntent', 'progMembColdView', 'simpCustColdFormStart', 'simpMembColdComplete', 'simpCustColdView', 'simpMembColdFindAff', 'progDistColdView', 'simpMembInvtAccept', 'progCustColdView', 'progMembColdComplete', 'simpMembInvtError', 'progDistColdComplete', 'simpCustInvtAccept', 'simpCustInvtSubmit', 'simpMembInvtView', 'progCustInvtComplete', 'progMembColdIntent', 'progDistColdIntent', 'progDistInvtView', 'simpCustColdComplete', 'progCustColdIntent', 'simpCustColdContactMe', 'simpMembInvtComplete', 'simpCustInvtLanding', 'progMembInvtComplete', 'simpMembInvtLanding', 'simpDistColdFormStart', 'simpCustInvtView', 'simpDistInvtLanding', 'progCustColdComplete', 'simpDistColdFindAff', 'simpDistInvtAccept', 'simpCustInvtComplete'}]",,,,,,,,,,,,,,,,,,,,,,,,,,,,,,,,,
13,,,,,,,,,,,,,,"[{'legacyMembColdComplete', 'simpDistInvtView', 'simpCustInvtError', 'simpDistInvtError', 'progMembInvtView', 'simpMembColdNextBttn', 'simpCustInvtIntent', 'simpDistColdComplete', 'simpMembInvtSubmit', 'simpDistColdNextBttn', 'simpCustColdIntent', 'simpCustColdFindAff', 'simpCustColdNextBttn', 'simpDistInvtSubmit', 'simpMembInvtIntent', 'simpMembColdView', 'simpDistInvtComplete', 'progDistInvtComplete', 'simpDistColdView', 'simpDistInvtIntent', 'simpMembColdFormStart', 'simpMembColdIntent', 'poCustColdIntent', 'progCustInvtView', 'simpDistColdIntent', 'progMembInvtIntent', 'progMembColdView', 'simpCustColdFormStart', 'simpMembColdComplete', 'simpCustColdView', 'simpMembColdFindAff', 'progDistColdView', 'simpMembInvtAccept', 'progCustColdView', 'legacyMembColdVerify', 'progMembColdComplete', 'simpMembInvtError', 'progDistColdComplete', 'simpCustInvtAccept', 'simpCustInvtSubmit', 'simpMembInvtView', 'progCustInvtComplete', 'progMembColdIntent', 'progDistColdIntent', 'progDistInvtView', 'simpCustColdComplete', 'progCustColdIntent', 'simpCustColdContactMe', 'simpMembInvtComplete', 'simpCustInvtLanding', 'progMembInvtComplete', 'simpMembInvtLanding', 'simpDistColdFormStart', 'simpCustInvtView', 'simpDistInvtLanding', 'progCustColdComplete', 'simpDistColdFindAff', 'simpDistInvtAccept', 'simpCustInvtComplete'}]",,,,,,,,,,,,,,,,,,,,,,,,,,,,,,,,
14,,,,,,,,,,,,,,,"[{'simpDistInvtView', 'simpCustInvtError', 'simpDistInvtError', 'progMembInvtView', 'simpMembColdNextBttn', 'simpCustInvtIntent', 'simpDistColdComplete', 'simpMembInvtSubmit', 'legacyMembColdSubmit', 'simpDistColdNextBttn', 'simpCustColdIntent', 'simpCustColdFindAff', 'simpCustColdNextBttn', 'simpDistInvtSubmit', 'simpMembInvtIntent', 'simpMembColdView', 'simpDistInvtComplete', 'progDistInvtComplete', 'simpDistColdView', 'simpDistInvtIntent', 'simpMembColdFormStart', 'simpMembColdIntent', 'poCustColdIntent', 'progCustInvtView', 'simpDistColdIntent', 'progMembInvtIntent', 'progMembColdView', 'simpCustColdFormStart', 'simpMembColdComplete', 'simpCustColdView', 'simpMembColdFindAff', 'progDistColdView', 'simpMembInvtAccept', 'progCustColdView', 'progMembColdComplete', 'simpMembInvtError', 'progDistColdComplete', 'simpCustInvtAccept', 'simpCustInvtSubmit', 'simpMembInvtView', 'progCustInvtComplete', 'progMembColdIntent', 'progDistColdIntent', 'progDistInvtView', 'simpCustColdComplete', 'progCustColdIntent', 'simpCustColdContactMe', 'simpMembInvtComplete', 'simpCustInvtLanding', 'progMembInvtComplete', 'simpMembInvtLanding', 'simpDistColdFormStart', 'simpCustInvtView', 'simpDistInvtLanding', 'progCustColdComplete', 'simpDistColdFindAff', 'simpDistInvtAccept', 'simpCustInvtComplete'}]",,,,,,,,,,,,,,,,,,,,,,,,,,,,,,,
15,,,,,,,,,,,,,,,,"[{'simpDistInvtView', 'simpCustInvtError', 'simpDistInvtError', 'progMembInvtView', 'simpMembColdNextBttn', 'simpCustInvtIntent', 'simpDistColdComplete', 'simpMembInvtSubmit', 'simpDistColdNextBttn', 'simpCustColdFindAff', 'simpCustColdNextBttn', 'simpDistInvtSubmit', 'simpMembInvtIntent', 'simpMembColdView', 'simpDistInvtComplete', 'progDistInvtComplete', 'simpDistColdView', 'simpDistInvtIntent', 'simpMembColdFormStart', 'simpMembColdIntent', 'poCustColdIntent', 'progCustInvtView', 'simpDistColdIntent', 'progMembInvtIntent', 'progMembColdView', 'simpCustColdFormStart', 'simpMembColdComplete', 'simpMembColdFindAff', 'progDistColdView', 'simpMembInvtAccept', 'progCustColdView', 'progMembColdComplete', 'simpMembInvtError', 'progDistColdComplete', 'simpCustInvtAccept', 'simpCustInvtSubmit', 'simpMembInvtView', 'progCustInvtComplete', 'progMembColdIntent', 'progDistColdIntent', 'progDistInvtView', 'simpCustColdComplete', 'progCustColdIntent', 'simpCustColdContactMe', 'simpMembInvtComplete', 'simpCustInvtLanding', 'progMembInvtComplete', 'simpMembInvtLanding', 'simpDistColdFormStart', 'simpCustInvtView', 'simpDistInvtLanding', 'progCustColdComplete', 'simpDistColdFindAff', 'simpDistInvtAccept', 'simpCustInvtComplete'}]",,,,,,,,,,,,,,,,,,,,,,,,,,,,,,
16,,,,,,,,,,,,,,,,,"[{'legacyMembColdComplete', 'simpDistInvtView', 'simpCustInvtError', 'legacyMembInvtComplete', 'simpDistInvtError', 'legacyCustColdSubmit', 'legacyCustColdComplete', 'simpMembColdNextBttn', 'simpCustInvtIntent', 'legacyCustInvtVerify', 'simpDistColdComplete', 'simpMembInvtSubmit', 'legacyMembColdSubmit', 'simpDistColdNextBttn', 'simpCustColdIntent', 'simpCustColdFindAff', 'simpCustColdNextBttn', 'simpDistInvtSubmit', 'simpMembInvtIntent', 'legacyMembInvtIntent', 'legacyMembInvtSubmit', 'simpMembColdView', 'simpDistInvtComplete', 'progDistInvtComplete', 'simpDistColdView', 'simpDistInvtIntent', 'simpMembColdFormStart', 'simpMembColdIntent', 'poCustColdIntent', 'progCustInvtView', 'legacyCustColdVerify', 'simpDistColdIntent', 'legacyMembColdIntent', 'legacyMembInvtVerify', 'progMembColdView', 'simpCustColdFormStart', 'simpMembColdComplete', 'simpCustColdView', 'simpMembColdFindAff', 'legacyCustInvtView', 'simpMembInvtAccept', 'legacyMembColdView', 'legacyCustInvtComplete', 'legacyMembInvtView', 'legacyMembColdVerify', 'progMembColdComplete', 'simpMembInvtError', 'simpCustInvtAccept', 'simpCustInvtSubmit', 'simpMembInvtView', 'legacyCustColdView', 'progCustInvtComplete', 'progMembColdIntent', 'progDistInvtView', 'simpCustColdComplete', 'progCustColdIntent', 'simpCustColdContactMe', 'simpMembInvtComplete', 'simpCustInvtLanding', 'simpMembInvtLanding', 'simpDistColdFormStart', 'simpCustInvtView', 'simpDistInvtLanding', 'progCustColdComplete', 'simpDistColdFindAff', 'simpDistInvtAccept', 'legacyCustInvtSubmit', 'simpCustInvtComplete'}]",,,,,,,,,,,,,,,,,,,,,,,,,,,,,
17,,,,,,,,,,,,,,,,,,"[{'simpDistInvtView', 'simpCustInvtError', 'simpDistInvtError', 'progMembInvtView', 'simpMembColdNextBttn', 'simpCustInvtIntent', 'simpDistColdComplete', 'simpMembInvtSubmit', 'simpDistColdNextBttn', 'simpCustColdIntent', 'simpCustColdFindAff', 'simpCustColdNextBttn', 'simpDistInvtSubmit', 'simpMembInvtIntent', 'simpMembColdView', 'simpDistInvtComplete', 'progDistInvtComplete', 'simpDistColdView', 'simpDistInvtIntent', 'simpMembColdFormStart', 'simpMembColdIntent', 'poCustColdIntent', 'progCustInvtView', 'simpDistColdIntent', 'progMembInvtIntent', 'progMembColdView', 'simpCustColdFormStart', 'simpMembColdComplete', 'simpCustColdView', 'simpMembColdFindAff', 'progDistColdView', 'simpMembInvtAccept', 'progCustColdView', 'progMembColdComplete', 'simpMembInvtError', 'progDistColdComplete', 'simpCustInvtAccept', 'simpCustInvtSubmit', 'simpMembInvtView', 'progCustInvtComplete', 'progMembColdIntent', 'progDistColdIntent', 'progDistInvtView', 'simpCustColdComplete', 'progCustColdIntent', 'simpCustColdContactMe', 'simpMembInvtComplete', 'simpCustInvtLanding', 'progMembInvtComplete', 'simpMembInvtLanding', 'simpDistColdFormStart', 'simpCustInvtView', 'simpDistInvtLanding', 'progCustColdComplete', 'simpDistColdFindAff', 'simpDistInvtAccept', 'simpCustInvtComplete'}]",,,,,,,,,,,,,,,,,,,,,,,,,,,,
18,,,,,,,,,,,,,,,,,,,"[{'legacyMembColdComplete', 'simpCustInvtError', 'legacyMembInvtComplete', 'legacyCustColdSubmit', 'legacyCustColdComplete', 'progMembInvtView', 'simpMembColdNextBttn', 'simpCustInvtIntent', 'legacyCustInvtVerify', 'simpMembInvtSubmit', 'legacyMembColdSubmit', 'simpCustColdIntent', 'simpCustColdFindAff', 'simpCustColdNextBttn', 'simpMembInvtIntent', 'legacyMembInvtIntent', 'legacyMembInvtSubmit', 'simpMembColdView', 'simpDistInvtComplete', 'progDistInvtComplete', 'simpMembColdFormStart', 'simpMembColdIntent', 'poCustColdIntent', 'progCustInvtView', 'legacyCustColdVerify', 'progMembInvtIntent', 'legacyMembColdIntent', 'poCustColdComplete', 'legacyMembInvtVerify', 'poCustColdView', 'progMembColdView', 'simpCustColdFormStart', 'simpMembColdComplete', 'simpCustColdView', 'simpMembColdFindAff', 'legacyCustInvtView', 'progDistColdView', 'simpMembInvtAccept', 'legacyMembColdView', 'legacyCustInvtComplete', 'legacyMembInvtView', 'progCustColdView', 'legacyMembColdVerify', 'progMembColdComplete', 'simpMembInvtError', 'simpCustInvtAccept', 'simpCustInvtSubmit', 'simpMembInvtView', 'legacyCustColdView', 'progCustInvtComplete', 'progMembColdIntent', 'progDistColdIntent', 'progDistInvtView', 'simpCustColdComplete', 'progCustColdIntent', 'simpCustColdContactMe', 'simpMembInvtComplete', 'simpCustInvtLanding', 'progMembInvtComplete', 'simpMembInvtLanding', 'simpCustInvtView', 'progCustColdComplete', 'legacyCustInvtSubmit', 'simpCustInvtComplete'}]",,,,,,,,,,,,,,,,,,,,,,,,,,,
19,,,,,,,,,,,,,,,,,,,,"[{'legacyMembColdComplete', 'simpDistInvtView', 'simpCustInvtError', 'simpDistInvtError', 'progMembInvtView', 'simpMembColdNextBttn', 'simpCustInvtIntent', 'simpDistColdComplete', 'simpMembInvtSubmit', 'legacyMembColdSubmit', 'simpDistColdNextBttn', 'simpCustColdIntent', 'simpCustColdFindAff', 'simpCustColdNextBttn', 'simpDistInvtSubmit', 'simpMembInvtIntent', 'simpMembColdView', 'simpDistInvtComplete', 'progDistInvtComplete', 'simpDistColdView', 'simpDistInvtIntent', 'simpMembColdFormStart', 'simpMembColdIntent', 'poCustColdIntent', 'progCustInvtView', 'simpDistColdIntent', 'progMembInvtIntent', 'legacyMembColdIntent', 'progMembColdView', 'simpCustColdFormStart', 'simpMembColdComplete', 'simpCustColdView', 'simpMembColdFindAff', 'progDistColdView', 'simpMembInvtAccept', 'legacyMembColdView', 'progCustColdView', 'legacyMembColdVerify', 'progMembColdComplete', 'simpMembInvtError', 'progDistColdComplete', 'simpCustInvtAccept', 'simpCustInvtSubmit', 'simpMembInvtView', 'progCustInvtComplete', 'progMembColdIntent', 'progDistColdIntent', 'progDistInvtView', 'simpCustColdComplete', 'progCustColdIntent', 'simpCustColdContactMe', 'simpMembInvtComplete', 'simpCustInvtLanding', 'progMembInvtComplete', 'simpMembInvtLanding', 'simpDistColdFormStart', 'simpCustInvtView', 'simpDistInvtLanding', 'progCustColdComplete', 'simpDistColdFindAff', 'simpDistInvtAccept', 'simpCustInvtComplete'}]",,,,,,,,,,,,,,,,,,,,,,,,,,
20,,,,,,,,,,,,,,,,,,,,,"[{'legacyMembColdComplete', 'simpDistInvtView', 'simpCustInvtError', 'simpDistInvtError', 'progMembInvtView', 'simpMembColdNextBttn', 'simpCustInvtIntent', 'simpDistColdComplete', 'simpMembInvtSubmit', 'legacyMembColdSubmit', 'simpDistColdNextBttn', 'simpCustColdIntent', 'simpCustColdFindAff', 'simpCustColdNextBttn', 'simpDistInvtSubmit', 'simpMembInvtIntent', 'simpMembColdView', 'simpDistInvtComplete', 'progDistInvtComplete', 'simpDistColdView', 'simpDistInvtIntent', 'simpMembColdFormStart', 'simpMembColdIntent', 'poCustColdIntent', 'progCustInvtView', 'simpDistColdIntent', 'progMembInvtIntent', 'legacyMembColdIntent', 'progMembColdView', 'simpCustColdFormStart', 'simpMembColdComplete', 'simpCustColdView', 'simpMembColdFindAff', 'progDistColdView', 'simpMembInvtAccept', 'legacyMembColdView', 'progCustColdView', 'legacyMembColdVerify', 'progMembColdComplete', 'simpMembInvtError', 'progDistColdComplete', 'simpCustInvtAccept', 'simpCustInvtSubmit', 'simpMembInvtView', 'progCustInvtComplete', 'progMembColdIntent', 'progDistColdIntent', 'progDistInvtView', 'simpCustColdComplete', 'progCustColdIntent', 'simpCustColdContactMe', 'simpMembInvtComplete', 'simpCustInvtLanding', 'progMembInvtComplete', 'simpMembInvtLanding', 'simpDistColdFormStart', 'simpCustInvtView', 'simpDistInvtLanding', 'progCustColdComplete', 'simpDistColdFindAff', 'simpDistInvtAccept', 'simpCustInvtComplete'}]",,,,,,,,,,,,,,,,,,,,,,,,,
21,,,,,,,,,,,,,,,,,,,,,,"[{'legacyMembColdComplete', 'simpDistInvtView', 'simpCustInvtError', 'simpDistInvtError', 'progMembInvtView', 'simpMembColdNextBttn', 'simpCustInvtIntent', 'legacyCustInvtVerify', 'simpDistColdComplete', 'simpMembInvtSubmit', 'simpDistColdNextBttn', 'simpCustColdIntent', 'simpCustColdFindAff', 'simpCustColdNextBttn', 'simpDistInvtSubmit', 'simpMembInvtIntent', 'simpMembColdView', 'simpDistInvtComplete', 'progDistInvtComplete', 'simpDistColdView', 'simpDistInvtIntent', 'simpMembColdFormStart', 'simpMembColdIntent', 'poCustColdIntent', 'progCustInvtView', 'simpDistColdIntent', 'progMembInvtIntent', 'progMembColdView', 'simpCustColdFormStart', 'simpMembColdComplete', 'simpCustColdView', 'simpMembColdFindAff', 'progDistColdView', 'simpMembInvtAccept', 'progCustColdView', 'legacyMembColdVerify', 'progMembColdComplete', 'simpMembInvtError', 'progDistColdComplete', 'simpCustInvtAccept', 'simpCustInvtSubmit', 'simpMembInvtView', 'progCustInvtComplete', 'progMembColdIntent', 'progDistColdIntent', 'progDistInvtView', 'simpCustColdComplete', 'progCustColdIntent', 'simpCustColdContactMe', 'simpMembInvtComplete', 'simpCustInvtLanding', 'progMembInvtComplete', 'simpMembInvtLanding', 'simpDistColdFormStart', 'simpCustInvtView', 'simpDistInvtLanding', 'progCustColdComplete', 'simpDistColdFindAff', 'simpDistInvtAccept', 'simpCustInvtComplete'}]",,,,,,,,,,,,,,,,,,,,,,,,
22,,,,,,,,,,,,,,,,,,,,,,,"[{'legacyMembColdComplete', 'simpDistInvtView', 'simpCustInvtError', 'simpDistInvtError', 'progMembInvtView', 'simpMembColdNextBttn', 'simpCustInvtIntent', 'simpDistColdComplete', 'simpMembInvtSubmit', 'simpDistColdNextBttn', 'simpCustColdIntent', 'simpCustColdFindAff', 'simpCustColdNextBttn', 'simpDistInvtSubmit', 'simpMembInvtIntent', 'simpMembColdView', 'simpDistInvtComplete', 'progDistInvtComplete', 'simpDistColdView', 'simpDistInvtIntent', 'simpMembColdFormStart', 'simpMembColdIntent', 'poCustColdIntent', 'progCustInvtView', 'simpDistColdIntent', 'progMembInvtIntent', 'progMembColdView', 'simpCustColdFormStart', 'simpMembColdComplete', 'simpCustColdView', 'simpMembColdFindAff', 'progDistColdView', 'simpMembInvtAccept', 'progCustColdView', 'legacyMembColdVerify', 'progMembColdComplete', 'simpMembInvtError', 'progDistColdComplete', 'simpCustInvtAccept', 'simpCustInvtSubmit', 'simpMembInvtView', 'progCustInvtComplete', 'progMembColdIntent', 'progDistColdIntent', 'progDistInvtView', 'simpCustColdComplete', 'progCustColdIntent', 'simpCustColdContactMe', 'simpMembInvtComplete', 'simpCustInvtLanding', 'progMembInvtComplete', 'simpMembInvtLanding', 'simpDistColdFormStart', 'simpCustInvtView', 'simpDistInvtLanding', 'progCustColdComplete', 'simpDistColdFindAff', 'simpDistInvtAccept', 'simpCustInvtComplete'}]",,,,,,,,,,,,,,,,,,,,,,,
23,,,,,,,,,,,,,,,,,,,,,,,,"[{'simpDistInvtView', 'simpCustInvtError', 'legacyMembInvtComplete', 'simpDistInvtError', 'legacyCustColdSubmit', 'legacyCustColdComplete', 'progMembInvtView', 'simpMembColdNextBttn', 'simpCustInvtIntent', 'legacyCustInvtVerify', 'simpDistColdComplete', 'simpMembInvtSubmit', 'legacyDistColdIntent', 'simpDistColdNextBttn', 'simpCustColdIntent', 'simpCustColdFindAff', 'simpCustColdNextBttn', 'simpDistInvtSubmit', 'legacyDistInvtView', 'simpMembInvtIntent', 'legacyMembInvtIntent', 'legacyMembInvtSubmit', 'simpMembColdView', 'simpDistInvtComplete', 'legacyDistColdVerify', 'progDistInvtComplete', 'simpDistColdView', 'simpDistInvtIntent', 'simpMembColdFormStart', 'simpMembColdIntent', 'poCustColdIntent', 'progCustInvtView', 'legacyCustColdVerify', 'simpDistColdIntent', 'progMembInvtIntent', 'poCustColdComplete', 'legacyMembInvtVerify', 'poCustColdView', 'progMembColdView', 'simpCustColdFormStart', 'simpMembColdComplete', 'simpCustColdView', 'simpMembColdFindAff', 'legacyCustInvtView', 'progDistColdView', 'legacyDistColdSubmit', 'legacyDistInvtSubmit', 'legacyDistColdComplete', 'simpMembInvtAccept', 'legacyCustInvtComplete', 'legacyMembInvtView', 'progCustColdView', 'legacyMembColdVerify', 'progMembColdComplete', 'simpMembInvtError', 'progDistColdComplete', 'simpCustInvtAccept', 'legacyDistInvtComplete', 'simpCustInvtSubmit', 'simpMembInvtView', 'legacyDistColdView', 'legacyCustColdView', 'progCustInvtComplete', 'progMembColdIntent', 'progDistColdIntent', 'progDistInvtView', 'simpCustColdComplete', 'progCustColdIntent', 'simpCustColdContactMe', 'simpMembInvtComplete', 'simpCustInvtLanding', 'legacyDistInvtIntent', 'progMembInvtComplete', 'simpMembInvtLanding', 'simpDistColdFormStart', 'simpCustInvtView', 'simpDistInvtLanding', 'progCustColdComplete', 'simpDistColdFindAff', 'simpDistInvtAccept', 'legacyCustInvtSubmit', 'legacyDistInvtVerify', 'simpCustInvtComplete'}]",,,,,,,,,,,,,,,,,,,,,,
24,,,,,,,,,,,,,,,,,,,,,,,,,"[{'legacyMembColdComplete', 'simpDistInvtView', 'simpCustInvtError', 'simpDistInvtError', 'progMembInvtView', 'simpMembColdNextBttn', 'simpCustInvtIntent', 'simpDistColdComplete', 'simpMembInvtSubmit', 'legacyMembColdSubmit', 'simpDistColdNextBttn', 'simpCustColdIntent', 'simpCustColdFindAff', 'simpCustColdNextBttn', 'simpDistInvtSubmit', 'simpMembInvtIntent', 'simpMembColdView', 'simpDistInvtComplete', 'progDistInvtComplete', 'simpDistColdView', 'simpDistInvtIntent', 'simpMembColdFormStart', 'simpMembColdIntent', 'poCustColdIntent', 'progCustInvtView', 'simpDistColdIntent', 'progMembInvtIntent', 'legacyMembColdIntent', 'progMembColdView', 'simpCustColdFormStart', 'simpMembColdComplete', 'simpCustColdView', 'simpMembColdFindAff', 'progDistColdView', 'simpMembInvtAccept', 'progCustColdView', 'legacyMembColdVerify', 'progMembColdComplete', 'simpMembInvtError', 'progDistColdComplete', 'simpCustInvtAccept', 'simpCustInvtSubmit', 'simpMembInvtView', 'progCustInvtComplete', 'progMembColdIntent', 'progDistColdIntent', 'progDistInvtView', 'simpCustColdComplete', 'progCustColdIntent', 'simpCustColdContactMe', 'simpMembInvtComplete', 'simpCustInvtLanding', 'progMembInvtComplete', 'simpMembInvtLanding', 'simpDistColdFormStart', 'simpCustInvtView', 'simpDistInvtLanding', 'progCustColdComplete', 'simpDistColdFindAff', 'simpDistInvtAccept', 'simpCustInvtComplete'}]",,,,,,,,,,,,,,,,,,,,,
25,,,,,,,,,,,,,,,,,,,,,,,,,,"[{'progCustInvtView', 'progMembInvtIntent', 'progMembInvtView', 'progMembColdView', 'progDistColdView', 'simpMembInvtSubmit', 'progCustColdView', 'progMembColdComplete', 'progDistColdComplete', 'simpMembInvtView', 'simpMembInvtIntent', 'progCustInvtComplete', 'progMembColdIntent', 'progDistColdIntent', 'progDistInvtView', 'progCustColdIntent', 'simpMembInvtComplete', 'progMembInvtComplete', 'progDistInvtComplete', 'progCustColdComplete', 'poCustColdIntent'}]",,,,,,,,,,,,,,,,,,,,
26,,,,,,,,,,,,,,,,,,,,,,,,,,,"[{'legacyMembColdComplete', 'simpDistInvtView', 'simpCustInvtError', 'legacyMembInvtComplete', 'legacyCustColdSubmit', 'legacyCustColdComplete', 'progMembInvtView', 'simpMembColdNextBttn', 'simpCustInvtIntent', 'legacyCustInvtVerify', 'simpMembInvtSubmit', 'legacyMembColdSubmit', 'simpCustColdIntent', 'simpCustColdFindAff', 'simpCustColdNextBttn', 'simpDistInvtSubmit', 'simpMembInvtIntent', 'legacyMembInvtIntent', 'legacyMembInvtSubmit', 'simpMembColdView', 'simpDistInvtComplete', 'progDistInvtComplete', 'simpDistInvtIntent', 'simpMembColdFormStart', 'simpMembColdIntent', 'poCustColdIntent', 'progCustInvtView', 'legacyCustColdVerify', 'progMembInvtIntent', 'legacyMembColdIntent', 'poCustColdComplete', 'legacyMembInvtVerify', 'poCustColdView', 'progMembColdView', 'simpCustColdFormStart', 'simpMembColdComplete', 'simpCustColdView', 'simpMembColdFindAff', 'legacyCustInvtView', 'progDistColdView', 'simpMembInvtAccept', 'legacyMembColdView', 'legacyCustInvtComplete', 'legacyMembInvtView', 'progCustColdView', 'legacyMembColdVerify', 'progMembColdComplete', 'simpMembInvtError', 'progDistColdComplete', 'simpCustInvtAccept', 'simpCustInvtSubmit', 'simpMembInvtView', 'legacyCustColdView', 'progCustInvtComplete', 'progMembColdIntent', 'progDistColdIntent', 'progDistInvtView', 'simpCustColdComplete', 'progCustColdIntent', 'simpCustColdContactMe', 'simpMembInvtComplete', 'simpCustInvtLanding', 'progMembInvtComplete', 'simpMembInvtLanding', 'simpCustInvtView', 'simpDistInvtLanding', 'progCustColdComplete', 'simpDistInvtAccept', 'legacyCustInvtSubmit', 'simpCustInvtComplete'}]",,,,,,,,,,,,,,,,,,,
27,,,,,,,,,,,,,,,,,,,,,,,,,,,,"[{'legacyMembColdComplete', 'simpDistInvtView', 'simpCustInvtError', 'legacyMembInvtComplete', 'simpDistInvtError', 'progMembInvtView', 'simpMembColdNextBttn', 'simpCustInvtIntent', 'simpDistColdComplete', 'simpMembInvtSubmit', 'simpDistColdNextBttn', 'simpCustColdIntent', 'simpCustColdFindAff', 'simpCustColdNextBttn', 'simpDistInvtSubmit', 'simpMembInvtIntent', 'legacyMembInvtIntent', 'legacyMembInvtSubmit', 'simpMembColdView', 'simpDistInvtComplete', 'progDistInvtComplete', 'simpDistColdView', 'simpDistInvtIntent', 'simpMembColdFormStart', 'simpMembColdIntent', 'poCustColdIntent', 'progCustInvtView', 'simpDistColdIntent', 'progMembInvtIntent', 'legacyMembInvtVerify', 'progMembColdView', 'simpCustColdFormStart', 'simpMembColdComplete', 'simpCustColdView', 'simpMembColdFindAff', 'progDistColdView', 'simpMembInvtAccept', 'progCustColdView', 'legacyMembColdVerify', 'progMembColdComplete', 'simpMembInvtError', 'progDistColdComplete', 'simpCustInvtAccept', 'simpCustInvtSubmit', 'simpMembInvtView', 'progCustInvtComplete', 'progMembColdIntent', 'progDistColdIntent', 'progDistInvtView', 'simpCustColdComplete', 'progCustColdIntent', 'simpCustColdContactMe', 'simpMembInvtComplete', 'simpCustInvtLanding', 'progMembInvtComplete', 'simpMembInvtLanding', 'simpDistColdFormStart', 'simpCustInvtView', 'simpDistInvtLanding', 'progCustColdComplete', 'simpDistColdFindAff', 'simpDistInvtAccept', 'simpCustInvtComplete'}]",,,,,,,,,,,,,,,,,,
28,,,,,,,,,,,,,,,,,,,,,,,,,,,,,"[{'legacyMembColdComplete', 'simpDistInvtView', 'simpCustInvtError', 'simpDistInvtError', 'progMembInvtView', 'simpMembColdNextBttn', 'simpCustInvtIntent', 'simpDistColdComplete', 'simpMembInvtSubmit', 'legacyMembColdSubmit', 'simpDistColdNextBttn', 'simpCustColdIntent', 'simpCustColdFindAff', 'simpCustColdNextBttn', 'simpDistInvtSubmit', 'simpMembInvtIntent', 'simpMembColdView', 'simpDistInvtComplete', 'progDistInvtComplete', 'simpDistColdView', 'simpDistInvtIntent', 'simpMembColdFormStart', 'simpMembColdIntent', 'poCustColdIntent', 'progCustInvtView', 'simpDistColdIntent', 'progMembInvtIntent', 'legacyMembColdIntent', 'progMembColdView', 'simpCustColdFormStart', 'simpMembColdComplete', 'simpCustColdView', 'simpMembColdFindAff', 'progDistColdView', 'simpMembInvtAccept', 'progCustColdView', 'legacyMembColdVerify', 'progMembColdComplete', 'simpMembInvtError', 'progDistColdComplete', 'simpCustInvtAccept', 'simpCustInvtSubmit', 'simpMembInvtView', 'progCustInvtComplete', 'progMembColdIntent', 'progDistColdIntent', 'progDistInvtView', 'simpCustColdComplete', 'progCustColdIntent', 'simpCustColdContactMe', 'simpMembInvtComplete', 'simpCustInvtLanding', 'progMembInvtComplete', 'simpMembInvtLanding', 'simpDistColdFormStart', 'simpCustInvtView', 'simpDistInvtLanding', 'progCustColdComplete', 'simpDistColdFindAff', 'simpDistInvtAccept', 'simpCustInvtComplete'}]",,,,,,,,,,,,,,,,,
29,,,,,,,,,,,,,,,,,,,,,,,,,,,,,,"[{'legacyMembColdComplete', 'simpDistInvtView', 'simpCustInvtError', 'simpDistInvtError', 'progMembInvtView', 'simpMembColdNextBttn', 'simpCustInvtIntent', 'simpDistColdComplete', 'simpMembInvtSubmit', 'legacyMembColdSubmit', 'simpDistColdNextBttn', 'simpCustColdIntent', 'simpCustColdFindAff', 'simpCustColdNextBttn', 'simpDistInvtSubmit', 'simpMembInvtIntent', 'simpMembColdView', 'simpDistInvtComplete', 'progDistInvtComplete', 'simpDistColdView', 'simpDistInvtIntent', 'simpMembColdFormStart', 'simpMembColdIntent', 'poCustColdIntent', 'progCustInvtView', 'simpDistColdIntent', 'progMembInvtIntent', 'legacyMembColdIntent', 'progMembColdView', 'simpCustColdFormStart', 'simpMembColdComplete', 'simpCustColdView', 'simpMembColdFindAff', 'progDistColdView', 'simpMembInvtAccept', 'legacyMembColdView', 'progCustColdView', 'legacyMembColdVerify', 'progMembColdComplete', 'simpMembInvtError', 'progDistColdComplete', 'simpCustInvtAccept', 'simpCustInvtSubmit', 'simpMembInvtView', 'progCustInvtComplete', 'progMembColdIntent', 'progDistColdIntent', 'progDistInvtView', 'simpCustColdComplete', 'progCustColdIntent', 'simpCustColdContactMe', 'simpMembInvtComplete', 'simpCustInvtLanding', 'progMembInvtComplete', 'simpMembInvtLanding', 'simpDistColdFormStart', 'simpCustInvtView', 'simpDistInvtLanding', 'progCustColdComplete', 'simpDistColdFindAff', 'simpDistInvtAccept', 'simpCustInvtComplete'}]",,,,,,,,,,,,,,,,
30,,,,,,,,,,,,,,,,,,,,,,,,,,,,,,,"[{'simpDistInvtView', 'simpCustInvtError', 'simpDistInvtError', 'progMembInvtView', 'simpMembColdNextBttn', 'simpCustInvtIntent', 'simpDistColdComplete', 'simpMembInvtSubmit', 'simpDistColdNextBttn', 'simpCustColdIntent', 'simpCustColdFindAff', 'simpCustColdNextBttn', 'simpDistInvtSubmit', 'simpMembInvtIntent', 'simpMembColdView', 'simpDistInvtComplete', 'progDistInvtComplete', 'simpDistColdView', 'simpDistInvtIntent', 'simpMembColdFormStart', 'simpMembColdIntent', 'progCustInvtView', 'simpDistColdIntent', 'progMembInvtIntent', 'progMembColdView', 'simpCustColdFormStart', 'simpMembColdComplete', 'simpCustColdView', 'simpMembColdFindAff', 'progDistColdView', 'simpMembInvtAccept', 'progCustColdView', 'progMembColdComplete', 'simpMembInvtError', 'progDistColdComplete', 'simpCustInvtAccept', 'simpCustInvtSubmit', 'simpMembInvtView', 'progCustInvtComplete', 'progMembColdIntent', 'progDistColdIntent', 'progDistInvtView', 'simpCustColdComplete', 'progCustColdIntent', 'simpCustColdContactMe', 'simpMembInvtComplete', 'simpCustInvtLanding', 'progMembInvtComplete', 'simpMembInvtLanding', 'simpDistColdFormStart', 'simpCustInvtView', 'simpDistInvtLanding', 'progCustColdComplete', 'simpDistColdFindAff', 'simpDistInvtAccept', 'simpCustInvtComplete'}]",,,,,,,,,,,,,,,
31,,,,,,,,,,,,,,,,,,,,,,,,,,,,,,,,"[{'legacyMembColdComplete', 'simpDistInvtView', 'simpCustInvtError', 'legacyMembInvtComplete', 'simpDistInvtError', 'legacyCustColdSubmit', 'legacyCustColdComplete', 'simpMembColdNextBttn', 'simpCustInvtIntent', 'legacyCustInvtVerify', 'simpDistColdComplete', 'simpMembInvtSubmit', 'legacyDistColdIntent', 'legacyMembColdSubmit', 'simpDistColdNextBttn', 'simpCustColdIntent', 'simpCustColdFindAff', 'simpCustColdNextBttn', 'simpDistInvtSubmit', 'legacyDistInvtView', 'simpMembInvtIntent', 'legacyMembInvtIntent', 'legacyMembInvtSubmit', 'simpMembColdView', 'simpDistInvtComplete', 'legacyDistColdVerify', 'simpDistColdView', 'simpDistInvtIntent', 'simpMembColdFormStart', 'simpMembColdIntent', 'poCustColdIntent', 'legacyCustColdVerify', 'simpDistColdIntent', 'progMembInvtIntent', 'legacyMembColdIntent', 'legacyMembInvtVerify', 'progMembColdView', 'simpCustColdFormStart', 'simpMembColdComplete', 'simpCustColdView', 'simpMembColdFindAff', 'legacyCustInvtView', 'legacyDistColdSubmit', 'legacyDistInvtSubmit', 'legacyDistColdComplete', 'simpMembInvtAccept', 'legacyMembColdView', 'legacyCustInvtComplete', 'legacyMembInvtView', 'legacyMembColdVerify', 'progMembColdComplete', 'simpMembInvtError', 'simpCustInvtAccept', 'legacyDistInvtComplete', 'simpCustInvtSubmit', 'simpMembInvtView', 'legacyDistColdView', 'legacyCustColdView', 'progMembColdIntent', 'simpCustColdComplete', 'simpCustColdContactMe', 'simpMembInvtComplete', 'simpCustInvtLanding', 'legacyDistInvtIntent', 'simpMembInvtLanding', 'simpDistColdFormStart', 'simpCustInvtView', 'simpDistInvtLanding', 'simpDistColdFindAff', 'simpDistInvtAccept', 'legacyCustInvtSubmit', 'legacyDistInvtVerify', 'simpCustInvtComplete'}]",,,,,,,,,,,,,,
32,,,,,,,,,,,,,,,,,,,,,,,,,,,,,,,,,"[{'simpDistInvtView', 'simpCustInvtError', 'simpDistInvtError', 'progMembInvtView', 'simpMembColdNextBttn', 'simpCustInvtIntent', 'legacyCustInvtVerify', 'simpDistColdComplete', 'simpMembInvtSubmit', 'simpDistColdNextBttn', 'simpCustColdIntent', 'simpCustColdFindAff', 'simpCustColdNextBttn', 'simpDistInvtSubmit', 'simpMembInvtIntent', 'simpMembColdView', 'simpDistInvtComplete', 'progDistInvtComplete', 'simpDistColdView', 'simpDistInvtIntent', 'simpMembColdFormStart', 'simpMembColdIntent', 'poCustColdIntent', 'progCustInvtView', 'simpDistColdIntent', 'progMembInvtIntent', 'progMembColdView', 'simpCustColdFormStart', 'simpMembColdComplete', 'simpCustColdView', 'simpMembColdFindAff', 'progDistColdView', 'simpMembInvtAccept', 'legacyCustInvtComplete', 'progCustColdView', 'progMembColdComplete', 'simpMembInvtError', 'simpCustInvtAccept', 'simpCustInvtSubmit', 'simpMembInvtView', 'progCustInvtComplete', 'progMembColdIntent', 'progDistColdIntent', 'progDistInvtView', 'simpCustColdComplete', 'progCustColdIntent', 'simpCustColdContactMe', 'simpMembInvtComplete', 'simpCustInvtLanding', 'progMembInvtComplete', 'simpMembInvtLanding', 'simpDistColdFormStart', 'simpCustInvtView', 'simpDistInvtLanding', 'progCustColdComplete', 'simpDistColdFindAff', 'simpDistInvtAccept', 'simpCustInvtComplete'}]",,,,,,,,,,,,,
33,,,,,,,,,,,,,,,,,,,,,,,,,,,,,,,,,,"[{'legacyMembColdComplete', 'simpCustInvtError', 'legacyMembInvtComplete', 'legacyCustColdSubmit', 'legacyCustColdComplete', 'progMembInvtView', 'simpMembColdNextBttn', 'simpCustInvtIntent', 'legacyCustInvtVerify', 'simpMembInvtSubmit', 'legacyMembColdSubmit', 'simpCustColdIntent', 'simpCustColdFindAff', 'simpCustColdNextBttn', 'simpMembInvtIntent', 'legacyMembInvtIntent', 'legacyMembInvtSubmit', 'simpMembColdView', 'simpDistInvtComplete', 'progDistInvtComplete', 'simpMembColdFormStart', 'simpMembColdIntent', 'poCustColdIntent', 'progCustInvtView', 'legacyCustColdVerify', 'progMembInvtIntent', 'legacyMembColdIntent', 'poCustColdComplete', 'legacyMembInvtVerify', 'poCustColdView', 'progMembColdView', 'simpCustColdFormStart', 'simpMembColdComplete', 'simpCustColdView', 'simpMembColdFindAff', 'legacyCustInvtView', 'progDistColdView', 'simpMembInvtAccept', 'legacyMembColdView', 'legacyCustInvtComplete', 'progCustColdView', 'legacyMembColdVerify', 'progMembColdComplete', 'simpMembInvtError', 'progDistColdComplete', 'simpCustInvtAccept', 'simpCustInvtSubmit', 'simpMembInvtView', 'legacyCustColdView', 'progCustInvtComplete', 'progMembColdIntent', 'progDistColdIntent', 'progDistInvtView', 'simpCustColdComplete', 'progCustColdIntent', 'simpCustColdContactMe', 'simpMembInvtComplete', 'simpCustInvtLanding', 'progMembInvtComplete', 'simpMembInvtLanding', 'simpCustInvtView', 'progCustColdComplete', 'legacyCustInvtSubmit', 'simpCustInvtComplete'}]",,,,,,,,,,,,
34,,,,,,,,,,,,,,,,,,,,,,,,,,,,,,,,,,,"[{'simpDistInvtView', 'simpCustInvtError', 'simpDistInvtError', 'progMembInvtView', 'simpMembColdNextBttn', 'simpCustInvtIntent', 'simpDistColdComplete', 'simpMembInvtSubmit', 'simpDistColdNextBttn', 'simpCustColdIntent', 'simpCustColdFindAff', 'simpCustColdNextBttn', 'simpDistInvtSubmit', 'simpMembInvtIntent', 'simpMembColdView', 'simpDistInvtComplete', 'progDistInvtComplete', 'simpDistColdView', 'simpDistInvtIntent', 'simpMembColdFormStart', 'simpMembColdIntent', 'poCustColdIntent', 'progCustInvtView', 'simpDistColdIntent', 'progMembInvtIntent', 'progMembColdView', 'simpCustColdFormStart', 'simpMembColdComplete', 'simpCustColdView', 'simpMembColdFindAff', 'progDistColdView', 'simpMembInvtAccept', 'progCustColdView', 'progMembColdComplete', 'simpMembInvtError', 'progDistColdComplete', 'simpCustInvtAccept', 'simpCustInvtSubmit', 'simpMembInvtView', 'progCustInvtComplete', 'progMembColdIntent', 'progDistColdIntent', 'progDistInvtView', 'simpCustColdComplete', 'progCustColdIntent', 'simpCustColdContactMe', 'simpMembInvtComplete', 'simpCustInvtLanding', 'progMembInvtComplete', 'simpMembInvtLanding', 'simpDistColdFormStart', 'simpCustInvtView', 'simpDistInvtLanding', 'progCustColdComplete', 'simpDistColdFindAff', 'simpDistInvtAccept', 'simpCustInvtComplete'}]",,,,,,,,,,,
35,,,,,,,,,,,,,,,,,,,,,,,,,,,,,,,,,,,,"[{'simpDistInvtView', 'simpCustInvtError', 'simpDistInvtError', 'progMembInvtView', 'simpMembColdNextBttn', 'simpCustInvtIntent', 'simpDistColdComplete', 'simpMembInvtSubmit', 'legacyMembColdSubmit', 'simpDistColdNextBttn', 'simpCustColdIntent', 'simpCustColdFindAff', 'simpCustColdNextBttn', 'simpDistInvtSubmit', 'simpMembInvtIntent', 'simpMembColdView', 'simpDistInvtComplete', 'progDistInvtComplete', 'simpDistColdView', 'simpDistInvtIntent', 'simpMembColdFormStart', 'simpMembColdIntent', 'poCustColdIntent', 'progCustInvtView', 'simpDistColdIntent', 'progMembInvtIntent', 'progMembColdView', 'simpCustColdFormStart', 'simpMembColdComplete', 'simpCustColdView', 'simpMembColdFindAff', 'progDistColdView', 'simpMembInvtAccept', 'progCustColdView', 'progMembColdComplete', 'simpMembInvtError', 'progDistColdComplete', 'simpCustInvtAccept', 'simpCustInvtSubmit', 'simpMembInvtView', 'progCustInvtComplete', 'progMembColdIntent', 'progDistColdIntent', 'progDistInvtView', 'simpCustColdComplete', 'progCustColdIntent', 'simpCustColdContactMe', 'simpMembInvtComplete', 'simpCustInvtLanding', 'progMembInvtComplete', 'simpMembInvtLanding', 'simpDistColdFormStart', 'simpCustInvtView', 'simpDistInvtLanding', 'progCustColdComplete', 'simpDistColdFindAff', 'simpDistInvtAccept', 'simpCustInvtComplete'}]",,,,,,,,,,
36,,,,,,,,,,,,,,,,,,,,,,,,,,,,,,,,,,,,,"[{'simpDistInvtView', 'simpCustInvtError', 'simpDistInvtError', 'progMembInvtView', 'simpMembColdNextBttn', 'simpCustInvtIntent', 'simpDistColdComplete', 'simpMembInvtSubmit', 'simpDistColdNextBttn', 'simpCustColdIntent', 'simpCustColdFindAff', 'simpCustColdNextBttn', 'simpDistInvtSubmit', 'simpMembInvtIntent', 'simpMembColdView', 'simpDistInvtComplete', 'progDistInvtComplete', 'simpDistColdView', 'simpDistInvtIntent', 'simpMembColdFormStart', 'simpMembColdIntent', 'poCustColdIntent', 'progCustInvtView', 'simpDistColdIntent', 'progMembInvtIntent', 'progMembColdView', 'simpCustColdFormStart', 'simpMembColdComplete', 'simpCustColdView', 'simpMembColdFindAff', 'progDistColdView', 'simpMembInvtAccept', 'progCustColdView', 'legacyMembColdVerify', 'progMembColdComplete', 'simpMembInvtError', 'progDistColdComplete', 'simpCustInvtAccept', 'simpCustInvtSubmit', 'simpMembInvtView', 'progCustInvtComplete', 'progMembColdIntent', 'progDistColdIntent', 'progDistInvtView', 'simpCustColdComplete', 'progCustColdIntent', 'simpCustColdContactMe', 'simpMembInvtComplete', 'simpCustInvtLanding', 'progMembInvtComplete', 'simpMembInvtLanding', 'simpDistColdFormStart', 'simpCustInvtView', 'simpDistInvtLanding', 'progCustColdComplete', 'simpDistColdFindAff', 'simpDistInvtAccept', 'simpCustInvtComplete'}]",,,,,,,,,
37,,,,,,,,,,,,,,,,,,,,,,,,,,,,,,,,,,,,,,"[{'legacyMembColdComplete', 'simpDistInvtView', 'simpCustInvtError', 'simpDistInvtError', 'progMembInvtView', 'simpMembColdNextBttn', 'simpCustInvtIntent', 'simpDistColdComplete', 'simpMembInvtSubmit', 'legacyMembColdSubmit', 'simpDistColdNextBttn', 'simpCustColdIntent', 'simpCustColdFindAff', 'simpCustColdNextBttn', 'simpDistInvtSubmit', 'simpMembInvtIntent', 'simpMembColdView', 'simpDistInvtComplete', 'progDistInvtComplete', 'simpDistColdView', 'simpDistInvtIntent', 'simpMembColdFormStart', 'simpMembColdIntent', 'poCustColdIntent', 'progCustInvtView', 'simpDistColdIntent', 'progMembInvtIntent', 'legacyMembColdIntent', 'progMembColdView', 'simpCustColdFormStart', 'simpMembColdComplete', 'simpCustColdView', 'simpMembColdFindAff', 'progDistColdView', 'simpMembInvtAccept', 'legacyMembColdView', 'progCustColdView', 'legacyMembColdVerify', 'progMembColdComplete', 'simpMembInvtError', 'progDistColdComplete', 'simpCustInvtAccept', 'simpCustInvtSubmit', 'simpMembInvtView', 'progCustInvtComplete', 'progMembColdIntent', 'progDistColdIntent', 'progDistInvtView', 'simpCustColdComplete', 'progCustColdIntent', 'simpCustColdContactMe', 'simpMembInvtComplete', 'simpCustInvtLanding', 'progMembInvtComplete', 'simpMembInvtLanding', 'simpDistColdFormStart', 'simpCustInvtView', 'simpDistInvtLanding', 'progCustColdComplete', 'simpDistColdFindAff', 'simpDistInvtAccept', 'simpCustInvtComplete'}]",,,,,,,,
38,,,,,,,,,,,,,,,,,,,,,,,,,,,,,,,,,,,,,,,"[{'legacyMembColdComplete', 'simpDistInvtView', 'simpCustInvtError', 'simpDistInvtError', 'progMembInvtView', 'simpMembColdNextBttn', 'simpCustInvtIntent', 'simpDistColdComplete', 'simpMembInvtSubmit', 'legacyMembColdSubmit', 'simpDistColdNextBttn', 'simpCustColdIntent', 'simpCustColdFindAff', 'simpCustColdNextBttn', 'simpDistInvtSubmit', 'simpMembInvtIntent', 'simpMembColdView', 'simpDistInvtComplete', 'progDistInvtComplete', 'simpDistColdView', 'simpDistInvtIntent', 'simpMembColdFormStart', 'simpMembColdIntent', 'poCustColdIntent', 'progCustInvtView', 'simpDistColdIntent', 'progMembInvtIntent', 'legacyMembColdIntent', 'progMembColdView', 'simpCustColdFormStart', 'simpMembColdComplete', 'simpCustColdView', 'simpMembColdFindAff', 'progDistColdView', 'simpMembInvtAccept', 'progCustColdView', 'legacyMembColdVerify', 'progMembColdComplete', 'simpMembInvtError', 'progDistColdComplete', 'simpCustInvtAccept', 'simpCustInvtSubmit', 'simpMembInvtView', 'progCustInvtComplete', 'progMembColdIntent', 'progDistColdIntent', 'progDistInvtView', 'simpCustColdComplete', 'progCustColdIntent', 'simpCustColdContactMe', 'simpMembInvtComplete', 'simpCustInvtLanding', 'progMembInvtComplete', 'simpMembInvtLanding', 'simpDistColdFormStart', 'simpCustInvtView', 'simpDistInvtLanding', 'progCustColdComplete', 'simpDistColdFindAff', 'simpDistInvtAccept', 'simpCustInvtComplete'}]",,,,,,,
39,,,,,,,,,,,,,,,,,,,,,,,,,,,,,,,,,,,,,,,,"[{'legacyMembColdComplete', 'simpCustInvtError', 'legacyMembInvtComplete', 'legacyCustColdSubmit', 'legacyCustColdComplete', 'progMembInvtView', 'simpMembColdNextBttn', 'simpCustInvtIntent', 'legacyCustInvtVerify', 'simpMembInvtSubmit', 'legacyMembColdSubmit', 'simpCustColdIntent', 'simpCustColdFindAff', 'simpCustColdNextBttn', 'simpDistInvtSubmit', 'simpMembInvtIntent', 'legacyMembInvtIntent', 'legacyMembInvtSubmit', 'simpMembColdView', 'simpDistInvtComplete', 'progDistInvtComplete', 'simpMembColdFormStart', 'simpMembColdIntent', 'poCustColdIntent', 'progCustInvtView', 'legacyCustColdVerify', 'progMembInvtIntent', 'legacyMembColdIntent', 'legacyMembInvtVerify', 'progMembColdView', 'simpCustColdFormStart', 'simpMembColdComplete', 'simpCustColdView', 'simpMembColdFindAff', 'legacyCustInvtView', 'progDistColdView', 'simpMembInvtAccept', 'legacyMembColdView', 'legacyCustInvtComplete', 'legacyMembInvtView', 'progCustColdView', 'legacyMembColdVerify', 'progMembColdComplete', 'simpMembInvtError', 'progDistColdComplete', 'simpCustInvtAccept', 'simpCustInvtSubmit', 'simpMembInvtView', 'legacyCustColdView', 'progCustInvtComplete', 'progMembColdIntent', 'progDistColdIntent', 'progDistInvtView', 'simpCustColdComplete', 'progCustColdIntent', 'simpCustColdContactMe', 'simpMembInvtComplete', 'simpCustInvtLanding', 'progMembInvtComplete', 'simpMembInvtLanding', 'simpCustInvtView', 'simpDistInvtLanding', 'progCustColdComplete', 'simpDistInvtAccept', 'legacyCustInvtSubmit', 'simpCustInvtComplete'}]",,,,,,
40,,,,,,,,,,,,,,,,,,,,,,,,,,,,,,,,,,,,,,,,,"[{'legacyMembColdComplete', 'simpDistInvtView', 'simpCustInvtError', 'simpDistInvtError', 'progMembInvtView', 'simpMembColdNextBttn', 'simpCustInvtIntent', 'simpDistColdComplete', 'simpMembInvtSubmit', 'legacyMembColdSubmit', 'simpDistColdNextBttn', 'simpCustColdIntent', 'simpCustColdFindAff', 'simpCustColdNextBttn', 'simpDistInvtSubmit', 'simpMembInvtIntent', 'simpMembColdView', 'simpDistInvtComplete', 'progDistInvtComplete', 'simpDistColdView', 'simpDistInvtIntent', 'simpMembColdFormStart', 'simpMembColdIntent', 'poCustColdIntent', 'progCustInvtView', 'simpDistColdIntent', 'progMembInvtIntent', 'legacyMembColdIntent', 'progMembColdView', 'simpCustColdFormStart', 'simpMembColdComplete', 'simpCustColdView', 'simpMembColdFindAff', 'progDistColdView', 'simpMembInvtAccept', 'progCustColdView', 'legacyMembColdVerify', 'progMembColdComplete', 'simpMembInvtError', 'progDistColdComplete', 'simpCustInvtAccept', 'simpCustInvtSubmit', 'simpMembInvtView', 'progCustInvtComplete', 'progMembColdIntent', 'progDistColdIntent', 'progDistInvtView', 'simpCustColdComplete', 'progCustColdIntent', 'simpCustColdContactMe', 'simpMembInvtComplete', 'simpCustInvtLanding', 'progMembInvtComplete', 'simpMembInvtLanding', 'simpDistColdFormStart', 'simpCustInvtView', 'simpDistInvtLanding', 'progCustColdComplete', 'simpDistColdFindAff', 'simpDistInvtAccept', 'simpCustInvtComplete'}]",,,,,
41,,,,,,,,,,,,,,,,,,,,,,,,,,,,,,,,,,,,,,,,,,"[{'legacyMembColdComplete', 'simpDistInvtView', 'simpCustInvtError', 'legacyMembInvtComplete', 'legacyCustColdSubmit', 'legacyCustColdComplete', 'progMembInvtView', 'simpMembColdNextBttn', 'simpCustInvtIntent', 'legacyCustInvtVerify', 'simpMembInvtSubmit', 'legacyMembColdSubmit', 'simpCustColdIntent', 'simpCustColdFindAff', 'simpCustColdNextBttn', 'simpDistInvtSubmit', 'simpMembInvtIntent', 'legacyMembInvtIntent', 'legacyMembInvtSubmit', 'simpMembColdView', 'simpDistInvtComplete', 'progDistInvtComplete', 'simpDistInvtIntent', 'simpMembColdFormStart', 'simpMembColdIntent', 'poCustColdIntent', 'legacyCustColdVerify', 'progMembInvtIntent', 'legacyMembColdIntent', 'legacyMembInvtVerify', 'progMembColdView', 'simpCustColdFormStart', 'simpMembColdComplete', 'simpCustColdView', 'simpMembColdFindAff', 'legacyCustInvtView', 'progDistColdView', 'simpMembInvtAccept', 'legacyMembColdView', 'legacyCustInvtComplete', 'legacyMembInvtView', 'legacyMembColdVerify', 'progMembColdComplete', 'simpMembInvtError', 'progDistColdComplete', 'simpCustInvtAccept', 'simpCustInvtSubmit', 'simpMembInvtView', 'legacyCustColdView', 'progMembColdIntent', 'progDistInvtView', 'simpCustColdComplete', 'simpCustColdContactMe', 'simpMembInvtComplete', 'simpCustInvtLanding', 'progMembInvtComplete', 'simpMembInvtLanding', 'simpCustInvtView', 'simpDistInvtLanding', 'simpDistInvtAccept', 'legacyCustInvtSubmit', 'simpCustInvtComplete'}]",,,,
42,,,,,,,,,,,,,,,,,,,,,,,,,,,,,,,,,,,,,,,,,,,"[{'legacyMembColdComplete', 'simpDistInvtView', 'simpCustInvtError', 'simpDistInvtError', 'progMembInvtView', 'simpMembColdNextBttn', 'simpCustInvtIntent', 'legacyCustInvtVerify', 'simpDistColdComplete', 'simpMembInvtSubmit', 'legacyMembColdSubmit', 'simpDistColdNextBttn', 'simpCustColdIntent', 'simpCustColdFindAff', 'simpCustColdNextBttn', 'simpDistInvtSubmit', 'simpMembInvtIntent', 'simpMembColdView', 'simpDistInvtComplete', 'progDistInvtComplete', 'simpDistColdView', 'simpDistInvtIntent', 'simpMembColdFormStart', 'simpMembColdIntent', 'poCustColdIntent', 'progCustInvtView', 'simpDistColdIntent', 'progMembInvtIntent', 'legacyMembColdIntent', 'progMembColdView', 'simpCustColdFormStart', 'simpMembColdComplete', 'simpCustColdView', 'simpMembColdFindAff', 'progDistColdView', 'simpMembInvtAccept', 'legacyMembColdView', 'progCustColdView', 'legacyMembColdVerify', 'progMembColdComplete', 'simpMembInvtError', 'progDistColdComplete', 'simpCustInvtAccept', 'simpCustInvtSubmit', 'simpMembInvtView', 'progCustInvtComplete', 'progMembColdIntent', 'progDistColdIntent', 'progDistInvtView', 'simpCustColdComplete', 'progCustColdIntent', 'simpCustColdContactMe', 'simpMembInvtComplete', 'simpCustInvtLanding', 'progMembInvtComplete', 'simpMembInvtLanding', 'simpDistColdFormStart', 'simpCustInvtView', 'simpDistInvtLanding', 'progCustColdComplete', 'simpDistColdFindAff', 'simpDistInvtAccept', 'legacyCustInvtSubmit', 'simpCustInvtComplete'}]",,,
43,,,,,,,,,,,,,,,,,,,,,,,,,,,,,,,,,,,,,,,,,,,,"[{'simpCustInvtError', 'simpDistInvtError', 'progMembInvtView', 'simpMembInvtSubmit', 'simpDistColdNextBttn', 'simpDistInvtSubmit', 'simpMembInvtIntent', 'simpDistInvtComplete', 'progDistInvtComplete', 'progCustInvtView', 'simpDistColdIntent', 'progMembInvtIntent', 'progMembColdView', 'simpMembColdComplete', 'progDistColdView', 'simpMembInvtAccept', 'progMembColdComplete', 'simpMembInvtError', 'simpCustInvtSubmit', 'simpMembInvtView', 'progCustInvtComplete', 'progMembColdIntent', 'progDistInvtView', 'simpCustColdComplete', 'simpCustColdContactMe', 'simpMembInvtComplete', 'progMembInvtComplete', 'simpMembInvtLanding', 'simpDistColdFindAff', 'simpCustInvtComplete'}]",,
44,,,,,,,,,,,,,,,,,,,,,,,,,,,,,,,,,,,,,,,,,,,,,"[{'simpDistInvtView', 'simpCustInvtError', 'simpDistInvtError', 'legacyCustColdSubmit', 'legacyCustColdComplete', 'progMembInvtView', 'simpCustInvtIntent', 'legacyCustInvtVerify', 'simpDistColdComplete', 'simpDistColdNextBttn', 'simpCustColdIntent', 'simpCustColdFindAff', 'simpCustColdNextBttn', 'simpDistInvtSubmit', 'legacyDistInvtView', 'simpDistInvtComplete', 'progDistInvtComplete', 'simpDistColdView', 'simpDistInvtIntent', 'poCustColdIntent', 'progCustInvtView', 'legacyCustColdVerify', 'simpDistColdIntent', 'progMembInvtIntent', 'poCustColdComplete', 'poCustColdView', 'progMembColdView', 'simpCustColdFormStart', 'simpCustColdView', 'legacyCustInvtView', 'progDistColdView', 'legacyDistInvtSubmit', 'legacyDistColdComplete', 'legacyCustInvtComplete', 'progCustColdView', 'progMembColdComplete', 'progDistColdComplete', 'simpCustInvtAccept', 'legacyDistInvtComplete', 'simpCustInvtSubmit', 'legacyCustColdView', 'progCustInvtComplete', 'progMembColdIntent', 'progDistColdIntent', 'progDistInvtView', 'simpCustColdComplete', 'progCustColdIntent', 'simpCustColdContactMe', 'simpCustInvtLanding', 'legacyDistInvtIntent', 'progMembInvtComplete', 'simpDistColdFormStart', 'simpCustInvtView', 'simpDistInvtLanding', 'progCustColdComplete', 'simpDistColdFindAff', 'simpDistInvtAccept', 'legacyCustInvtSubmit', 'legacyDistInvtVerify', 'simpCustInvtComplete'}]",
45,,,,,,,,,,,,,,,,,,,,,,,,,,,,,,,,,,,,,,,,,,,,,,"[{'simpDistInvtView', 'simpCustInvtError', 'simpDistInvtError', 'progMembInvtView', 'simpMembColdNextBttn', 'simpCustInvtIntent', 'simpDistColdComplete', 'simpMembInvtSubmit', 'simpDistColdNextBttn', 'simpCustColdIntent', 'simpCustColdFindAff', 'simpCustColdNextBttn', 'simpDistInvtSubmit', 'simpMembInvtIntent', 'simpMembColdView', 'simpDistInvtComplete', 'progDistInvtComplete', 'simpDistColdView', 'simpDistInvtIntent', 'simpMembColdFormStart', 'simpMembColdIntent', 'poCustColdIntent', 'progCustInvtView', 'simpDistColdIntent', 'progMembInvtIntent', 'progMembColdView', 'simpCustColdFormStart', 'simpMembColdComplete', 'simpCustColdView', 'simpMembColdFindAff', 'progDistColdView', 'simpMembInvtAccept', 'progCustColdView', 'progMembColdComplete', 'simpMembInvtError', 'progDistColdComplete', 'simpCustInvtAccept', 'simpCustInvtSubmit', 'simpMembInvtView', 'progCustInvtComplete', 'progMembColdIntent', 'progDistColdIntent', 'progDistInvtView', 'simpCustColdComplete', 'progCustColdIntent', 'simpCustColdContactMe', 'simpMembInvtComplete', 'simpCustInvtLanding', 'progMembInvtComplete', 'simpMembInvtLanding', 'simpDistColdFormStart', 'simpCustInvtView', 'simpDistInvtLanding', 'progCustColdComplete', 'simpDistColdFindAff', 'simpDistInvtAccept', 'simpCustInvtComplete'}]"
