,Country,Event Action,Missing
0,AR,"['legacyDistColdView', 'legacyDistColdSubmit', 'legacyDistColdVerify', 'legacyDistColdComplete', 'legacyCustColdView', 'legacyCustColdSubmit', 'legacyCustColdVerify', 'legacyCustColdComplete', 'legacyMembColdView', 'legacyMembColdIntent', 'legacyMembColdSubmit', 'legacyMembColdVerify', 'legacyMembColdComplete', 'legacyDistInvtView', 'legacyDistInvtIntent', 'legacyDistInvtSubmit', 'legacyDistInvtVerify', 'legacyDistInvtComplete', 'legacyCustInvtView', 'legacyCustInvtSubmit', 'legacyCustInvtVerify', 'legacyCustInvtComplete', 'legacyMembInvtView', 'legacyMembInvtIntent', 'legacyMembInvtSubmit', 'legacyMembInvtVerify', 'legacyMembInvtComplete', 'poCustColdView', 'poCustColdComplete']","{'simpDistColdFormStart', 'progDistColdComplete', 'progMembInvtIntent', 'progDistColdIntent', 'progMembColdComplete', 'simpDistColdFindAff', 'simpCustColdContactMe', 'simpDistInvtComplete', 'simpMembInvtIntent', 'progMembColdIntent', 'simpDistInvtSubmit', 'simpDistInvtError', 'simpCustColdView', 'simpMembInvtView', 'progMembColdView', 'progDistInvtComplete', 'simpCustInvtComplete', 'progCustColdComplete', 'progDistInvtView', 'simpCustColdFormStart', 'legacyDistColdIntent', 'simpDistColdView', 'simpCustInvtAccept', 'simpMembColdIntent', 'simpMembColdView', 'simpDistColdIntent', 'progMembInvtComplete', 'simpDistInvtIntent', 'progCustInvtComplete', 'progCustColdIntent', 'simpMembColdFormStart', 'simpDistInvtLanding', 'simpMembColdNextBttn', 'simpDistInvtView', 'simpCustInvtView', 'simpCustColdComplete', 'simpMembInvtLanding', 'simpCustInvtLanding', 'simpMembColdFindAff', 'simpMembInvtSubmit', 'simpCustInvtIntent', 'simpCustColdIntent', 'simpCustInvtSubmit', 'simpDistColdComplete', 'simpDistColdNextBttn', 'simpCustColdFindAff', 'simpMembInvtComplete', 'progMembInvtView', 'simpMembColdComplete', 'simpCustInvtError', 'simpDistInvtAccept', 'simpMembInvtError', 'poCustColdIntent', 'progDistColdView', 'progCustColdView', 'simpCustColdNextBttn', 'simpMembInvtAccept', 'progCustInvtView'}"
1,AT,"['legacyDistColdView', 'legacyDistColdIntent', 'legacyDistColdSubmit', 'legacyDistColdVerify', 'legacyDistColdComplete', 'legacyCustColdView', 'legacyCustColdSubmit', 'legacyCustColdVerify', 'legacyCustColdComplete', 'legacyMembColdView', 'legacyDistInvtView', 'legacyDistInvtIntent', 'legacyDistInvtSubmit', 'legacyDistInvtVerify', 'legacyDistInvtComplete', 'legacyCustInvtView', 'legacyCustInvtSubmit', 'legacyCustInvtVerify', 'legacyCustInvtComplete', 'legacyMembInvtView', 'legacyMembInvtIntent', 'legacyMembInvtSubmit', 'legacyMembInvtVerify', 'legacyMembInvtComplete', 'poCustColdView', 'poCustColdComplete']","{'simpDistColdFormStart', 'progDistColdComplete', 'progMembInvtIntent', 'progDistColdIntent', 'progMembColdComplete', 'simpDistColdFindAff', 'simpCustColdContactMe', 'simpDistInvtComplete', 'simpMembInvtIntent', 'progMembColdIntent', 'simpDistInvtSubmit', 'simpDistInvtError', 'simpCustColdView', 'simpMembInvtView', 'progMembColdView', 'progDistInvtComplete', 'simpCustInvtComplete', 'progCustColdComplete', 'progDistInvtView', 'simpCustColdFormStart', 'simpDistColdView', 'simpCustInvtAccept', 'simpMembColdIntent', 'simpMembColdView', 'simpDistColdIntent', 'progMembInvtComplete', 'simpDistInvtIntent', 'legacyMembColdIntent', 'progCustInvtComplete', 'legacyMembColdComplete', 'legacyMembColdVerify', 'progCustColdIntent', 'simpMembColdFormStart', 'simpDistInvtLanding', 'simpMembColdNextBttn', 'simpDistInvtView', 'simpCustInvtView', 'simpCustColdComplete', 'simpMembInvtLanding', 'simpCustInvtLanding', 'simpMembColdFindAff', 'simpMembInvtSubmit', 'simpCustInvtIntent', 'simpCustColdIntent', 'simpCustInvtSubmit', 'simpDistColdComplete', 'simpDistColdNextBttn', 'simpCustColdFindAff', 'simpMembInvtComplete', 'progMembInvtView', 'simpMembColdComplete', 'simpCustInvtError', 'simpDistInvtAccept', 'simpMembInvtError', 'poCustColdIntent', 'progDistColdView', 'progCustColdView', 'simpCustColdNextBttn', 'simpMembInvtAccept', 'legacyMembColdSubmit', 'progCustInvtView'}"
2,AU,"['legacyDistColdView', 'legacyDistColdIntent', 'legacyDistColdSubmit', 'legacyDistColdVerify', 'legacyDistColdComplete', 'legacyCustColdView', 'legacyCustColdSubmit', 'legacyCustColdVerify', 'legacyCustColdComplete', 'legacyMembColdView', 'legacyMembColdIntent', 'legacyMembColdSubmit', 'legacyMembColdVerify', 'legacyMembColdComplete', 'legacyDistInvtView', 'legacyDistInvtIntent', 'legacyDistInvtSubmit', 'legacyDistInvtVerify', 'legacyDistInvtComplete', 'legacyCustInvtView', 'legacyCustInvtSubmit', 'legacyCustInvtVerify', 'legacyCustInvtComplete', 'legacyMembInvtView', 'legacyMembInvtIntent', 'legacyMembInvtSubmit', 'legacyMembInvtVerify', 'legacyMembInvtComplete', 'poCustColdView', 'poCustColdIntent', 'poCustColdComplete']","{'simpDistColdFormStart', 'progDistColdComplete', 'progMembInvtIntent', 'progDistColdIntent', 'progMembColdComplete', 'simpDistColdFindAff', 'simpCustColdContactMe', 'simpDistInvtComplete', 'simpMembInvtIntent', 'progMembColdIntent', 'simpDistInvtSubmit', 'simpDistInvtError', 'simpCustColdView', 'simpMembInvtView', 'progMembColdView', 'progDistInvtComplete', 'simpCustInvtComplete', 'progCustColdComplete', 'progDistInvtView', 'simpCustColdFormStart', 'simpDistColdView', 'simpCustInvtAccept', 'simpMembColdIntent', 'simpMembColdView', 'simpDistColdIntent', 'progMembInvtComplete', 'simpDistInvtIntent', 'progCustInvtComplete', 'progCustColdIntent', 'simpMembColdFormStart', 'simpDistInvtLanding', 'simpMembColdNextBttn', 'simpDistInvtView', 'simpCustInvtView', 'simpCustColdComplete', 'simpMembInvtLanding', 'simpCustInvtLanding', 'simpMembColdFindAff', 'simpMembInvtSubmit', 'simpCustInvtIntent', 'simpCustColdIntent', 'simpCustInvtSubmit', 'simpDistColdComplete', 'simpDistColdNextBttn', 'simpCustColdFindAff', 'simpMembInvtComplete', 'progMembInvtView', 'simpMembColdComplete', 'simpCustInvtError', 'simpDistInvtAccept', 'simpMembInvtError', 'progDistColdView', 'progCustColdView', 'simpCustColdNextBttn', 'simpMembInvtAccept', 'progCustInvtView'}"
3,BE,"['legacyDistColdView', 'legacyDistColdIntent', 'legacyDistColdSubmit', 'legacyDistColdVerify', 'legacyDistColdComplete', 'legacyCustColdView', 'legacyCustColdSubmit', 'legacyCustColdVerify', 'legacyCustColdComplete', 'legacyMembColdView', 'legacyDistInvtView', 'legacyDistInvtIntent', 'legacyDistInvtSubmit', 'legacyDistInvtVerify', 'legacyDistInvtComplete', 'legacyCustInvtView', 'legacyCustInvtSubmit', 'legacyCustInvtVerify', 'legacyCustInvtComplete', 'legacyMembInvtView', 'legacyMembInvtIntent', 'legacyMembInvtSubmit', 'legacyMembInvtVerify', 'legacyMembInvtComplete', 'poCustColdView', 'poCustColdComplete', 'simpDistColdView', 'simpDistColdIntent', 'simpDistColdFindAff', 'simpDistColdNextBttn']","{'simpDistColdFormStart', 'progDistColdComplete', 'progMembInvtIntent', 'progDistColdIntent', 'progMembColdComplete', 'simpCustColdContactMe', 'simpDistInvtComplete', 'simpMembInvtIntent', 'progMembColdIntent', 'simpDistInvtSubmit', 'simpDistInvtError', 'simpCustColdView', 'simpMembInvtView', 'progMembColdView', 'progDistInvtComplete', 'simpCustInvtComplete', 'progCustColdComplete', 'progDistInvtView', 'simpCustColdFormStart', 'simpCustInvtAccept', 'simpMembColdIntent', 'simpMembColdView', 'progMembInvtComplete', 'simpDistInvtIntent', 'legacyMembColdIntent', 'progCustInvtComplete', 'legacyMembColdComplete', 'legacyMembColdVerify', 'progCustColdIntent', 'simpMembColdFormStart', 'simpDistInvtLanding', 'simpMembColdNextBttn', 'simpDistInvtView', 'simpCustInvtView', 'simpCustColdComplete', 'simpMembInvtLanding', 'simpCustInvtLanding', 'simpMembColdFindAff', 'simpMembInvtSubmit', 'simpCustInvtIntent', 'simpCustColdIntent', 'simpCustInvtSubmit', 'simpDistColdComplete', 'simpCustColdFindAff', 'simpMembInvtComplete', 'progMembInvtView', 'simpMembColdComplete', 'simpCustInvtError', 'simpDistInvtAccept', 'simpMembInvtError', 'poCustColdIntent', 'progDistColdView', 'progCustColdView', 'simpCustColdNextBttn', 'simpMembInvtAccept', 'legacyMembColdSubmit', 'progCustInvtView'}"
4,BN,"['legacyDistColdView', 'legacyDistColdIntent', 'legacyDistColdSubmit', 'legacyDistColdVerify', 'legacyDistColdComplete', 'legacyDistInvtView', 'legacyDistInvtIntent', 'legacyDistInvtSubmit', 'legacyDistInvtVerify', 'legacyDistInvtComplete', 'simpDistColdView', 'simpDistColdIntent', 'simpDistColdFindAff', 'simpDistColdNextBttn', 'simpDistColdFormStart', 'simpDistColdComplete', 'simpDistInvtLanding', 'simpDistInvtAccept', 'simpDistInvtView', 'simpDistInvtIntent', 'simpDistInvtSubmit', 'simpDistInvtComplete', 'simpDistInvtError']","{'progDistColdComplete', 'progMembInvtIntent', 'legacyMembInvtView', 'progDistColdIntent', 'progMembColdComplete', 'simpCustColdContactMe', 'simpMembInvtIntent', 'progMembColdIntent', 'simpCustColdView', 'legacyCustColdComplete', 'simpMembInvtView', 'progMembColdView', 'legacyCustInvtComplete', 'progDistInvtComplete', 'simpCustInvtComplete', 'legacyCustInvtSubmit', 'progCustColdComplete', 'legacyMembInvtSubmit', 'progDistInvtView', 'simpCustColdFormStart', 'simpCustInvtAccept', 'simpMembColdIntent', 'poCustColdComplete', 'simpMembColdView', 'legacyCustColdView', 'progMembInvtComplete', 'legacyMembColdIntent', 'legacyMembInvtVerify', 'progCustInvtComplete', 'legacyMembColdComplete', 'legacyMembColdVerify', 'progCustColdIntent', 'legacyCustColdVerify', 'simpMembColdFormStart', 'legacyCustInvtVerify', 'simpMembColdNextBttn', 'simpCustInvtView', 'simpCustColdComplete', 'simpMembInvtLanding', 'simpCustInvtLanding', 'simpMembColdFindAff', 'simpMembInvtSubmit', 'simpCustInvtIntent', 'simpCustColdIntent', 'simpCustInvtSubmit', 'legacyCustInvtView', 'simpCustColdFindAff', 'simpMembInvtComplete', 'progMembInvtView', 'legacyMembInvtComplete', 'simpMembColdComplete', 'simpCustInvtError', 'simpMembInvtError', 'poCustColdIntent', 'legacyMembColdView', 'progDistColdView', 'progCustColdView', 'poCustColdView', 'simpCustColdNextBttn', 'simpMembInvtAccept', 'legacyCustColdSubmit', 'legacyMembInvtIntent', 'legacyMembColdSubmit', 'progCustInvtView'}"
5,CA,"['legacyDistColdView', 'legacyDistColdIntent', 'legacyDistColdSubmit', 'legacyDistColdVerify', 'legacyDistColdComplete', 'legacyCustColdView', 'legacyCustColdSubmit', 'legacyCustColdVerify', 'legacyCustColdComplete', 'legacyMembColdView', 'legacyMembColdIntent', 'legacyMembColdSubmit', 'legacyMembColdVerify', 'legacyMembColdComplete', 'legacyDistInvtView', 'legacyDistInvtIntent', 'legacyDistInvtSubmit', 'legacyDistInvtVerify', 'legacyDistInvtComplete', 'legacyCustInvtView', 'legacyCustInvtSubmit', 'legacyCustInvtVerify', 'legacyCustInvtComplete', 'legacyMembInvtView', 'legacyMembInvtIntent', 'legacyMembInvtSubmit', 'legacyMembInvtVerify', 'legacyMembInvtComplete', 'poCustColdView', 'poCustColdIntent', 'poCustColdComplete', 'simpDistColdView', 'simpDistColdIntent', 'simpDistColdFindAff', 'simpDistColdNextBttn']","{'simpDistColdFormStart', 'progDistColdComplete', 'progMembInvtIntent', 'progDistColdIntent', 'progMembColdComplete', 'simpCustColdContactMe', 'simpDistInvtComplete', 'simpMembInvtIntent', 'progMembColdIntent', 'simpDistInvtSubmit', 'simpDistInvtError', 'simpCustColdView', 'simpMembInvtView', 'progMembColdView', 'progDistInvtComplete', 'simpCustInvtComplete', 'progCustColdComplete', 'progDistInvtView', 'simpCustColdFormStart', 'simpCustInvtAccept', 'simpMembColdIntent', 'simpMembColdView', 'progMembInvtComplete', 'simpDistInvtIntent', 'progCustInvtComplete', 'progCustColdIntent', 'simpMembColdFormStart', 'simpDistInvtLanding', 'simpMembColdNextBttn', 'simpDistInvtView', 'simpCustInvtView', 'simpCustColdComplete', 'simpMembInvtLanding', 'simpCustInvtLanding', 'simpMembColdFindAff', 'simpMembInvtSubmit', 'simpCustInvtIntent', 'simpCustColdIntent', 'simpCustInvtSubmit', 'simpDistColdComplete', 'simpCustColdFindAff', 'simpMembInvtComplete', 'progMembInvtView', 'simpMembColdComplete', 'simpCustInvtError', 'simpDistInvtAccept', 'simpMembInvtError', 'progDistColdView', 'progCustColdView', 'simpCustColdNextBttn', 'simpMembInvtAccept', 'progCustInvtView'}"
6,CH,"['legacyDistColdView', 'legacyDistColdIntent', 'legacyDistColdSubmit', 'legacyDistColdVerify', 'legacyDistColdComplete', 'legacyCustColdView', 'legacyCustColdSubmit', 'legacyCustColdVerify', 'legacyCustColdComplete', 'legacyDistInvtView', 'legacyDistInvtIntent', 'legacyDistInvtSubmit', 'legacyDistInvtVerify', 'legacyDistInvtComplete', 'legacyCustInvtView', 'legacyCustInvtSubmit', 'legacyCustInvtVerify', 'legacyCustInvtComplete', 'legacyMembInvtView', 'legacyMembInvtIntent', 'legacyMembInvtSubmit', 'legacyMembInvtVerify', 'legacyMembInvtComplete', 'poCustColdView', 'poCustColdComplete']","{'simpDistColdFormStart', 'progDistColdComplete', 'progMembInvtIntent', 'progDistColdIntent', 'progMembColdComplete', 'simpDistColdFindAff', 'simpCustColdContactMe', 'simpDistInvtComplete', 'simpMembInvtIntent', 'progMembColdIntent', 'simpDistInvtSubmit', 'simpDistInvtError', 'simpCustColdView', 'simpMembInvtView', 'progMembColdView', 'progDistInvtComplete', 'simpCustInvtComplete', 'progCustColdComplete', 'progDistInvtView', 'simpCustColdFormStart', 'simpDistColdView', 'simpCustInvtAccept', 'simpMembColdIntent', 'simpMembColdView', 'simpDistColdIntent', 'progMembInvtComplete', 'simpDistInvtIntent', 'legacyMembColdIntent', 'progCustInvtComplete', 'legacyMembColdComplete', 'legacyMembColdVerify', 'progCustColdIntent', 'simpMembColdFormStart', 'simpDistInvtLanding', 'simpMembColdNextBttn', 'simpDistInvtView', 'simpCustInvtView', 'simpCustColdComplete', 'simpMembInvtLanding', 'simpCustInvtLanding', 'simpMembColdFindAff', 'simpMembInvtSubmit', 'simpCustInvtIntent', 'simpCustColdIntent', 'simpCustInvtSubmit', 'simpDistColdComplete', 'simpDistColdNextBttn', 'simpCustColdFindAff', 'simpMembInvtComplete', 'progMembInvtView', 'simpMembColdComplete', 'simpCustInvtError', 'simpDistInvtAccept', 'simpMembInvtError', 'poCustColdIntent', 'legacyMembColdView', 'progDistColdView', 'progCustColdView', 'simpCustColdNextBttn', 'simpMembInvtAccept', 'legacyMembColdSubmit', 'progCustInvtView'}"
7,CL,"['legacyDistColdView', 'legacyDistColdIntent', 'legacyDistColdSubmit', 'legacyDistColdVerify', 'legacyDistColdComplete', 'legacyCustColdView', 'legacyCustColdSubmit', 'legacyCustColdVerify', 'legacyCustColdComplete', 'legacyMembColdView', 'legacyMembColdIntent', 'legacyMembColdSubmit', 'legacyMembColdVerify', 'legacyMembColdComplete', 'legacyDistInvtView', 'legacyDistInvtIntent', 'legacyDistInvtSubmit', 'legacyDistInvtVerify', 'legacyDistInvtComplete', 'legacyCustInvtView', 'legacyCustInvtSubmit', 'legacyCustInvtVerify', 'legacyCustInvtComplete', 'legacyMembInvtView', 'legacyMembInvtIntent', 'legacyMembInvtSubmit', 'legacyMembInvtVerify', 'legacyMembInvtComplete', 'poCustColdView', 'poCustColdComplete']","{'simpDistColdFormStart', 'progDistColdComplete', 'progMembInvtIntent', 'progDistColdIntent', 'progMembColdComplete', 'simpDistColdFindAff', 'simpCustColdContactMe', 'simpDistInvtComplete', 'simpMembInvtIntent', 'progMembColdIntent', 'simpDistInvtSubmit', 'simpDistInvtError', 'simpCustColdView', 'simpMembInvtView', 'progMembColdView', 'progDistInvtComplete', 'simpCustInvtComplete', 'progCustColdComplete', 'progDistInvtView', 'simpCustColdFormStart', 'simpDistColdView', 'simpCustInvtAccept', 'simpMembColdIntent', 'simpMembColdView', 'simpDistColdIntent', 'progMembInvtComplete', 'simpDistInvtIntent', 'progCustInvtComplete', 'progCustColdIntent', 'simpMembColdFormStart', 'simpDistInvtLanding', 'simpMembColdNextBttn', 'simpDistInvtView', 'simpCustInvtView', 'simpCustColdComplete', 'simpMembInvtLanding', 'simpCustInvtLanding', 'simpMembColdFindAff', 'simpMembInvtSubmit', 'simpCustInvtIntent', 'simpCustColdIntent', 'simpCustInvtSubmit', 'simpDistColdComplete', 'simpDistColdNextBttn', 'simpCustColdFindAff', 'simpMembInvtComplete', 'progMembInvtView', 'simpMembColdComplete', 'simpCustInvtError', 'simpDistInvtAccept', 'simpMembInvtError', 'poCustColdIntent', 'progDistColdView', 'progCustColdView', 'simpCustColdNextBttn', 'simpMembInvtAccept', 'progCustInvtView'}"
8,CO,"['legacyDistColdView', 'legacyDistColdIntent', 'legacyDistColdSubmit', 'legacyDistColdVerify', 'legacyDistColdComplete', 'legacyCustColdView', 'legacyCustColdSubmit', 'legacyCustColdVerify', 'legacyCustColdComplete', 'legacyMembColdView', 'legacyMembColdIntent', 'legacyMembColdSubmit', 'legacyMembColdVerify', 'legacyMembColdComplete', 'legacyDistInvtView', 'legacyDistInvtIntent', 'legacyDistInvtSubmit', 'legacyDistInvtVerify', 'legacyDistInvtComplete', 'legacyCustInvtView', 'legacyCustInvtSubmit', 'legacyCustInvtVerify', 'legacyCustInvtComplete', 'legacyMembInvtView', 'legacyMembInvtIntent', 'legacyMembInvtSubmit', 'legacyMembInvtVerify', 'legacyMembInvtComplete', 'poCustColdView', 'poCustColdComplete']","{'simpDistColdFormStart', 'progDistColdComplete', 'progMembInvtIntent', 'progDistColdIntent', 'progMembColdComplete', 'simpDistColdFindAff', 'simpCustColdContactMe', 'simpDistInvtComplete', 'simpMembInvtIntent', 'progMembColdIntent', 'simpDistInvtSubmit', 'simpDistInvtError', 'simpCustColdView', 'simpMembInvtView', 'progMembColdView', 'progDistInvtComplete', 'simpCustInvtComplete', 'progCustColdComplete', 'progDistInvtView', 'simpCustColdFormStart', 'simpDistColdView', 'simpCustInvtAccept', 'simpMembColdIntent', 'simpMembColdView', 'simpDistColdIntent', 'progMembInvtComplete', 'simpDistInvtIntent', 'progCustInvtComplete', 'progCustColdIntent', 'simpMembColdFormStart', 'simpDistInvtLanding', 'simpMembColdNextBttn', 'simpDistInvtView', 'simpCustInvtView', 'simpCustColdComplete', 'simpMembInvtLanding', 'simpCustInvtLanding', 'simpMembColdFindAff', 'simpMembInvtSubmit', 'simpCustInvtIntent', 'simpCustColdIntent', 'simpCustInvtSubmit', 'simpDistColdComplete', 'simpDistColdNextBttn', 'simpCustColdFindAff', 'simpMembInvtComplete', 'progMembInvtView', 'simpMembColdComplete', 'simpCustInvtError', 'simpDistInvtAccept', 'simpMembInvtError', 'poCustColdIntent', 'progDistColdView', 'progCustColdView', 'simpCustColdNextBttn', 'simpMembInvtAccept', 'progCustInvtView'}"
9,CZ,"['legacyDistColdView', 'legacyDistColdIntent', 'legacyDistColdSubmit', 'legacyDistColdVerify', 'legacyDistColdComplete', 'legacyCustColdView', 'legacyCustColdSubmit', 'legacyCustColdVerify', 'legacyCustColdComplete', 'legacyMembColdView', 'legacyMembColdIntent', 'legacyMembColdSubmit', 'legacyMembColdVerify', 'legacyMembColdComplete', 'legacyDistInvtView', 'legacyDistInvtIntent', 'legacyDistInvtSubmit', 'legacyDistInvtVerify', 'legacyDistInvtComplete', 'legacyCustInvtView', 'legacyCustInvtSubmit', 'legacyCustInvtVerify', 'legacyCustInvtComplete', 'legacyMembInvtView', 'legacyMembInvtIntent', 'legacyMembInvtSubmit', 'legacyMembInvtVerify', 'legacyMembInvtComplete', 'poCustColdView', 'poCustColdComplete', 'Customer']","{'simpDistColdFormStart', 'progDistColdComplete', 'progMembInvtIntent', 'progDistColdIntent', 'progMembColdComplete', 'simpDistColdFindAff', 'simpCustColdContactMe', 'simpDistInvtComplete', 'simpMembInvtIntent', 'progMembColdIntent', 'simpDistInvtSubmit', 'simpDistInvtError', 'simpCustColdView', 'simpMembInvtView', 'progMembColdView', 'progDistInvtComplete', 'simpCustInvtComplete', 'progCustColdComplete', 'progDistInvtView', 'simpCustColdFormStart', 'simpDistColdView', 'simpCustInvtAccept', 'simpMembColdIntent', 'simpMembColdView', 'simpDistColdIntent', 'progMembInvtComplete', 'simpDistInvtIntent', 'progCustInvtComplete', 'progCustColdIntent', 'simpMembColdFormStart', 'simpDistInvtLanding', 'simpMembColdNextBttn', 'simpDistInvtView', 'simpCustInvtView', 'simpCustColdComplete', 'simpMembInvtLanding', 'simpCustInvtLanding', 'simpMembColdFindAff', 'simpMembInvtSubmit', 'simpCustInvtIntent', 'simpCustColdIntent', 'simpCustInvtSubmit', 'simpDistColdComplete', 'simpDistColdNextBttn', 'simpCustColdFindAff', 'simpMembInvtComplete', 'progMembInvtView', 'simpMembColdComplete', 'simpCustInvtError', 'simpDistInvtAccept', 'simpMembInvtError', 'poCustColdIntent', 'progDistColdView', 'progCustColdView', 'simpCustColdNextBttn', 'simpMembInvtAccept', 'progCustInvtView'}"
10,DE,"['legacyDistColdView', 'legacyDistColdIntent', 'legacyDistColdSubmit', 'legacyDistColdVerify', 'legacyDistColdComplete', 'legacyCustColdView', 'legacyCustColdSubmit', 'legacyCustColdVerify', 'legacyCustColdComplete', 'legacyMembColdView', 'legacyMembColdIntent', 'legacyMembColdSubmit', 'legacyMembColdVerify', 'legacyMembColdComplete', 'legacyDistInvtView', 'legacyDistInvtIntent', 'legacyDistInvtSubmit', 'legacyDistInvtVerify', 'legacyDistInvtComplete', 'legacyCustInvtView', 'legacyCustInvtSubmit', 'legacyCustInvtVerify', 'legacyCustInvtComplete', 'legacyMembInvtView', 'legacyMembInvtIntent', 'legacyMembInvtSubmit', 'legacyMembInvtVerify', 'legacyMembInvtComplete', 'poCustColdView', 'poCustColdComplete']","{'simpDistColdFormStart', 'progDistColdComplete', 'progMembInvtIntent', 'progDistColdIntent', 'progMembColdComplete', 'simpDistColdFindAff', 'simpCustColdContactMe', 'simpDistInvtComplete', 'simpMembInvtIntent', 'progMembColdIntent', 'simpDistInvtSubmit', 'simpDistInvtError', 'simpCustColdView', 'simpMembInvtView', 'progMembColdView', 'progDistInvtComplete', 'simpCustInvtComplete', 'progCustColdComplete', 'progDistInvtView', 'simpCustColdFormStart', 'simpDistColdView', 'simpCustInvtAccept', 'simpMembColdIntent', 'simpMembColdView', 'simpDistColdIntent', 'progMembInvtComplete', 'simpDistInvtIntent', 'progCustInvtComplete', 'progCustColdIntent', 'simpMembColdFormStart', 'simpDistInvtLanding', 'simpMembColdNextBttn', 'simpDistInvtView', 'simpCustInvtView', 'simpCustColdComplete', 'simpMembInvtLanding', 'simpCustInvtLanding', 'simpMembColdFindAff', 'simpMembInvtSubmit', 'simpCustInvtIntent', 'simpCustColdIntent', 'simpCustInvtSubmit', 'simpDistColdComplete', 'simpDistColdNextBttn', 'simpCustColdFindAff', 'simpMembInvtComplete', 'progMembInvtView', 'simpMembColdComplete', 'simpCustInvtError', 'simpDistInvtAccept', 'simpMembInvtError', 'poCustColdIntent', 'progDistColdView', 'progCustColdView', 'simpCustColdNextBttn', 'simpMembInvtAccept', 'progCustInvtView'}"
11,DK,"['legacyDistColdView', 'legacyDistColdIntent', 'legacyDistColdSubmit', 'legacyDistColdVerify', 'legacyDistColdComplete', 'legacyCustColdView', 'legacyCustColdSubmit', 'legacyCustColdVerify', 'legacyCustColdComplete', 'legacyDistInvtView', 'legacyDistInvtIntent', 'legacyDistInvtSubmit', 'legacyDistInvtVerify', 'legacyDistInvtComplete', 'legacyCustInvtView', 'legacyCustInvtSubmit', 'legacyCustInvtVerify', 'legacyCustInvtComplete', 'legacyMembInvtView', 'legacyMembInvtIntent', 'legacyMembInvtSubmit', 'legacyMembInvtVerify', 'legacyMembInvtComplete', 'poCustColdView', 'poCustColdComplete']","{'simpDistColdFormStart', 'progDistColdComplete', 'progMembInvtIntent', 'progDistColdIntent', 'progMembColdComplete', 'simpDistColdFindAff', 'simpCustColdContactMe', 'simpDistInvtComplete', 'simpMembInvtIntent', 'progMembColdIntent', 'simpDistInvtSubmit', 'simpDistInvtError', 'simpCustColdView', 'simpMembInvtView', 'progMembColdView', 'progDistInvtComplete', 'simpCustInvtComplete', 'progCustColdComplete', 'progDistInvtView', 'simpCustColdFormStart', 'simpDistColdView', 'simpCustInvtAccept', 'simpMembColdIntent', 'simpMembColdView', 'simpDistColdIntent', 'progMembInvtComplete', 'simpDistInvtIntent', 'legacyMembColdIntent', 'progCustInvtComplete', 'legacyMembColdComplete', 'legacyMembColdVerify', 'progCustColdIntent', 'simpMembColdFormStart', 'simpDistInvtLanding', 'simpMembColdNextBttn', 'simpDistInvtView', 'simpCustInvtView', 'simpCustColdComplete', 'simpMembInvtLanding', 'simpCustInvtLanding', 'simpMembColdFindAff', 'simpMembInvtSubmit', 'simpCustInvtIntent', 'simpCustColdIntent', 'simpCustInvtSubmit', 'simpDistColdComplete', 'simpDistColdNextBttn', 'simpCustColdFindAff', 'simpMembInvtComplete', 'progMembInvtView', 'simpMembColdComplete', 'simpCustInvtError', 'simpDistInvtAccept', 'simpMembInvtError', 'poCustColdIntent', 'legacyMembColdView', 'progDistColdView', 'progCustColdView', 'simpCustColdNextBttn', 'simpMembInvtAccept', 'legacyMembColdSubmit', 'progCustInvtView'}"
12,ES,"['legacyDistColdView', 'legacyDistColdIntent', 'legacyDistColdSubmit', 'legacyDistColdVerify', 'legacyDistColdComplete', 'legacyCustColdView', 'legacyCustColdSubmit', 'legacyCustColdVerify', 'legacyCustColdComplete', 'legacyMembColdView', 'legacyMembColdIntent', 'legacyMembColdSubmit', 'legacyMembColdVerify', 'legacyMembColdComplete', 'legacyDistInvtView', 'legacyDistInvtIntent', 'legacyDistInvtSubmit', 'legacyDistInvtVerify', 'legacyDistInvtComplete', 'legacyCustInvtView', 'legacyCustInvtSubmit', 'legacyCustInvtVerify', 'legacyCustInvtComplete', 'legacyMembInvtView', 'legacyMembInvtIntent', 'legacyMembInvtSubmit', 'legacyMembInvtVerify', 'legacyMembInvtComplete', 'poCustColdView', 'poCustColdComplete']","{'simpDistColdFormStart', 'progDistColdComplete', 'progMembInvtIntent', 'progDistColdIntent', 'progMembColdComplete', 'simpDistColdFindAff', 'simpCustColdContactMe', 'simpDistInvtComplete', 'simpMembInvtIntent', 'progMembColdIntent', 'simpDistInvtSubmit', 'simpDistInvtError', 'simpCustColdView', 'simpMembInvtView', 'progMembColdView', 'progDistInvtComplete', 'simpCustInvtComplete', 'progCustColdComplete', 'progDistInvtView', 'simpCustColdFormStart', 'simpDistColdView', 'simpCustInvtAccept', 'simpMembColdIntent', 'simpMembColdView', 'simpDistColdIntent', 'progMembInvtComplete', 'simpDistInvtIntent', 'progCustInvtComplete', 'progCustColdIntent', 'simpMembColdFormStart', 'simpDistInvtLanding', 'simpMembColdNextBttn', 'simpDistInvtView', 'simpCustInvtView', 'simpCustColdComplete', 'simpMembInvtLanding', 'simpCustInvtLanding', 'simpMembColdFindAff', 'simpMembInvtSubmit', 'simpCustInvtIntent', 'simpCustColdIntent', 'simpCustInvtSubmit', 'simpDistColdComplete', 'simpDistColdNextBttn', 'simpCustColdFindAff', 'simpMembInvtComplete', 'progMembInvtView', 'simpMembColdComplete', 'simpCustInvtError', 'simpDistInvtAccept', 'simpMembInvtError', 'poCustColdIntent', 'progDistColdView', 'progCustColdView', 'simpCustColdNextBttn', 'simpMembInvtAccept', 'progCustInvtView'}"
13,FI,"['legacyDistColdView', 'legacyDistColdIntent', 'legacyDistColdSubmit', 'legacyDistColdVerify', 'legacyDistColdComplete', 'legacyCustColdView', 'legacyCustColdSubmit', 'legacyCustColdVerify', 'legacyCustColdComplete', 'legacyMembColdView', 'legacyMembColdIntent', 'legacyMembColdSubmit', 'legacyDistInvtView', 'legacyDistInvtIntent', 'legacyDistInvtSubmit', 'legacyDistInvtVerify', 'legacyDistInvtComplete', 'legacyCustInvtView', 'legacyCustInvtSubmit', 'legacyCustInvtVerify', 'legacyCustInvtComplete', 'legacyMembInvtView', 'legacyMembInvtIntent', 'legacyMembInvtSubmit', 'legacyMembInvtVerify', 'legacyMembInvtComplete', 'poCustColdView', 'poCustColdComplete']","{'simpDistColdFormStart', 'progDistColdComplete', 'progMembInvtIntent', 'progDistColdIntent', 'progMembColdComplete', 'simpDistColdFindAff', 'simpCustColdContactMe', 'simpDistInvtComplete', 'simpMembInvtIntent', 'progMembColdIntent', 'simpDistInvtSubmit', 'simpDistInvtError', 'simpCustColdView', 'simpMembInvtView', 'progMembColdView', 'progDistInvtComplete', 'simpCustInvtComplete', 'progCustColdComplete', 'progDistInvtView', 'simpCustColdFormStart', 'simpDistColdView', 'simpCustInvtAccept', 'simpMembColdIntent', 'simpMembColdView', 'simpDistColdIntent', 'progMembInvtComplete', 'simpDistInvtIntent', 'progCustInvtComplete', 'legacyMembColdComplete', 'legacyMembColdVerify', 'progCustColdIntent', 'simpMembColdFormStart', 'simpDistInvtLanding', 'simpMembColdNextBttn', 'simpDistInvtView', 'simpCustInvtView', 'simpCustColdComplete', 'simpMembInvtLanding', 'simpCustInvtLanding', 'simpMembColdFindAff', 'simpMembInvtSubmit', 'simpCustInvtIntent', 'simpCustColdIntent', 'simpCustInvtSubmit', 'simpDistColdComplete', 'simpDistColdNextBttn', 'simpCustColdFindAff', 'simpMembInvtComplete', 'progMembInvtView', 'simpMembColdComplete', 'simpCustInvtError', 'simpDistInvtAccept', 'simpMembInvtError', 'poCustColdIntent', 'progDistColdView', 'progCustColdView', 'simpCustColdNextBttn', 'simpMembInvtAccept', 'progCustInvtView'}"
14,FR,"['legacyDistColdView', 'legacyDistColdIntent', 'legacyDistColdSubmit', 'legacyDistColdVerify', 'legacyDistColdComplete', 'legacyCustColdView', 'legacyCustColdSubmit', 'legacyCustColdVerify', 'legacyCustColdComplete', 'legacyMembColdView', 'legacyMembColdIntent', 'legacyMembColdVerify', 'legacyMembColdComplete', 'legacyDistInvtView', 'legacyDistInvtIntent', 'legacyDistInvtSubmit', 'legacyDistInvtVerify', 'legacyDistInvtComplete', 'legacyCustInvtView', 'legacyCustInvtSubmit', 'legacyCustInvtVerify', 'legacyCustInvtComplete', 'legacyMembInvtView', 'legacyMembInvtIntent', 'legacyMembInvtSubmit', 'legacyMembInvtVerify', 'legacyMembInvtComplete', 'poCustColdView', 'poCustColdComplete', 'Customer']","{'simpDistColdFormStart', 'progDistColdComplete', 'progMembInvtIntent', 'progDistColdIntent', 'progMembColdComplete', 'simpDistColdFindAff', 'simpCustColdContactMe', 'simpDistInvtComplete', 'simpMembInvtIntent', 'progMembColdIntent', 'simpDistInvtSubmit', 'simpDistInvtError', 'simpCustColdView', 'simpMembInvtView', 'progMembColdView', 'progDistInvtComplete', 'simpCustInvtComplete', 'progCustColdComplete', 'progDistInvtView', 'simpCustColdFormStart', 'simpDistColdView', 'simpCustInvtAccept', 'simpMembColdIntent', 'simpMembColdView', 'simpDistColdIntent', 'progMembInvtComplete', 'simpDistInvtIntent', 'progCustInvtComplete', 'progCustColdIntent', 'simpMembColdFormStart', 'simpDistInvtLanding', 'simpMembColdNextBttn', 'simpDistInvtView', 'simpCustInvtView', 'simpCustColdComplete', 'simpMembInvtLanding', 'simpCustInvtLanding', 'simpMembColdFindAff', 'simpMembInvtSubmit', 'simpCustInvtIntent', 'simpCustColdIntent', 'simpCustInvtSubmit', 'simpDistColdComplete', 'simpDistColdNextBttn', 'simpCustColdFindAff', 'simpMembInvtComplete', 'progMembInvtView', 'simpMembColdComplete', 'simpCustInvtError', 'simpDistInvtAccept', 'simpMembInvtError', 'poCustColdIntent', 'progDistColdView', 'progCustColdView', 'simpCustColdNextBttn', 'simpMembInvtAccept', 'legacyMembColdSubmit', 'progCustInvtView'}"
15,GB,"['legacyDistColdView', 'legacyDistColdIntent', 'legacyDistColdSubmit', 'legacyDistColdVerify', 'legacyDistColdComplete', 'legacyCustColdView', 'legacyCustColdSubmit', 'legacyCustColdVerify', 'legacyCustColdComplete', 'legacyMembColdView', 'legacyMembColdIntent', 'legacyMembColdSubmit', 'legacyMembColdVerify', 'legacyMembColdComplete', 'legacyDistInvtView', 'legacyDistInvtIntent', 'legacyDistInvtSubmit', 'legacyDistInvtVerify', 'legacyDistInvtComplete', 'legacyCustInvtView', 'legacyCustInvtSubmit', 'legacyCustInvtVerify', 'legacyCustInvtComplete', 'legacyMembInvtView', 'legacyMembInvtIntent', 'legacyMembInvtSubmit', 'legacyMembInvtVerify', 'legacyMembInvtComplete', 'poCustColdView', 'poCustColdComplete', 'simpCustColdView', 'simpCustColdIntent']","{'simpDistColdFormStart', 'progDistColdComplete', 'progMembInvtIntent', 'progDistColdIntent', 'progMembColdComplete', 'simpDistColdFindAff', 'simpCustColdContactMe', 'simpDistInvtComplete', 'simpMembInvtIntent', 'progMembColdIntent', 'simpDistInvtSubmit', 'simpDistInvtError', 'simpMembInvtView', 'progMembColdView', 'progDistInvtComplete', 'simpCustInvtComplete', 'progCustColdComplete', 'progDistInvtView', 'simpCustColdFormStart', 'simpDistColdView', 'simpCustInvtAccept', 'simpMembColdIntent', 'simpMembColdView', 'simpDistColdIntent', 'progMembInvtComplete', 'simpDistInvtIntent', 'progCustInvtComplete', 'progCustColdIntent', 'simpMembColdFormStart', 'simpDistInvtLanding', 'simpMembColdNextBttn', 'simpDistInvtView', 'simpCustInvtView', 'simpCustColdComplete', 'simpMembInvtLanding', 'simpCustInvtLanding', 'simpMembColdFindAff', 'simpMembInvtSubmit', 'simpCustInvtIntent', 'simpCustInvtSubmit', 'simpDistColdComplete', 'simpDistColdNextBttn', 'simpCustColdFindAff', 'simpMembInvtComplete', 'progMembInvtView', 'simpMembColdComplete', 'simpCustInvtError', 'simpDistInvtAccept', 'simpMembInvtError', 'poCustColdIntent', 'progDistColdView', 'progCustColdView', 'simpCustColdNextBttn', 'simpMembInvtAccept', 'progCustInvtView'}"
16,HK,"['legacyDistColdView', 'legacyDistColdIntent', 'legacyDistColdSubmit', 'legacyDistColdVerify', 'legacyDistColdComplete', 'legacyDistInvtView', 'legacyDistInvtIntent', 'legacyDistInvtSubmit', 'legacyDistInvtVerify', 'legacyDistInvtComplete', 'poCustColdView', 'poCustColdComplete', 'progDistColdView', 'progDistColdIntent', 'progDistColdComplete', 'progCustColdView', 'progMembInvtView', 'progMembInvtIntent', 'progMembInvtComplete']","{'simpDistColdFormStart', 'legacyMembInvtView', 'progMembColdComplete', 'simpDistColdFindAff', 'simpCustColdContactMe', 'simpDistInvtComplete', 'simpMembInvtIntent', 'progMembColdIntent', 'simpDistInvtSubmit', 'simpDistInvtError', 'simpCustColdView', 'legacyCustColdComplete', 'simpMembInvtView', 'progMembColdView', 'legacyCustInvtComplete', 'progDistInvtComplete', 'simpCustInvtComplete', 'legacyCustInvtSubmit', 'progCustColdComplete', 'legacyMembInvtSubmit', 'progDistInvtView', 'simpCustColdFormStart', 'simpDistColdView', 'simpCustInvtAccept', 'simpMembColdIntent', 'simpMembColdView', 'simpDistColdIntent', 'legacyCustColdView', 'simpDistInvtIntent', 'legacyMembColdIntent', 'legacyMembInvtVerify', 'progCustInvtComplete', 'legacyMembColdComplete', 'legacyMembColdVerify', 'progCustColdIntent', 'legacyCustColdVerify', 'simpMembColdFormStart', 'simpDistInvtLanding', 'legacyCustInvtVerify', 'simpMembColdNextBttn', 'simpDistInvtView', 'simpCustInvtView', 'simpCustColdComplete', 'simpMembInvtLanding', 'simpCustInvtLanding', 'simpMembColdFindAff', 'simpMembInvtSubmit', 'simpCustInvtIntent', 'simpCustColdIntent', 'simpCustInvtSubmit', 'simpDistColdComplete', 'legacyCustInvtView', 'simpDistColdNextBttn', 'simpCustColdFindAff', 'simpMembInvtComplete', 'legacyMembInvtComplete', 'simpMembColdComplete', 'simpCustInvtError', 'simpDistInvtAccept', 'simpMembInvtError', 'poCustColdIntent', 'legacyMembColdView', 'simpCustColdNextBttn', 'simpMembInvtAccept', 'legacyCustColdSubmit', 'legacyMembInvtIntent', 'legacyMembColdSubmit', 'progCustInvtView'}"
17,HU,"['legacyDistColdView', 'legacyDistColdIntent', 'legacyDistColdSubmit', 'legacyDistColdVerify', 'legacyDistColdComplete', 'legacyCustColdView', 'legacyCustColdSubmit', 'legacyCustColdVerify', 'legacyCustColdComplete', 'legacyMembColdView', 'legacyMembColdIntent', 'legacyMembColdSubmit', 'legacyMembColdVerify', 'legacyMembColdComplete', 'legacyDistInvtView', 'legacyDistInvtIntent', 'legacyDistInvtSubmit', 'legacyDistInvtVerify', 'legacyDistInvtComplete', 'legacyCustInvtView', 'legacyCustInvtSubmit', 'legacyCustInvtVerify', 'legacyCustInvtComplete', 'legacyMembInvtView', 'legacyMembInvtIntent', 'legacyMembInvtSubmit', 'legacyMembInvtVerify', 'legacyMembInvtComplete', 'poCustColdView', 'poCustColdComplete']","{'simpDistColdFormStart', 'progDistColdComplete', 'progMembInvtIntent', 'progDistColdIntent', 'progMembColdComplete', 'simpDistColdFindAff', 'simpCustColdContactMe', 'simpDistInvtComplete', 'simpMembInvtIntent', 'progMembColdIntent', 'simpDistInvtSubmit', 'simpDistInvtError', 'simpCustColdView', 'simpMembInvtView', 'progMembColdView', 'progDistInvtComplete', 'simpCustInvtComplete', 'progCustColdComplete', 'progDistInvtView', 'simpCustColdFormStart', 'simpDistColdView', 'simpCustInvtAccept', 'simpMembColdIntent', 'simpMembColdView', 'simpDistColdIntent', 'progMembInvtComplete', 'simpDistInvtIntent', 'progCustInvtComplete', 'progCustColdIntent', 'simpMembColdFormStart', 'simpDistInvtLanding', 'simpMembColdNextBttn', 'simpDistInvtView', 'simpCustInvtView', 'simpCustColdComplete', 'simpMembInvtLanding', 'simpCustInvtLanding', 'simpMembColdFindAff', 'simpMembInvtSubmit', 'simpCustInvtIntent', 'simpCustColdIntent', 'simpCustInvtSubmit', 'simpDistColdComplete', 'simpDistColdNextBttn', 'simpCustColdFindAff', 'simpMembInvtComplete', 'progMembInvtView', 'simpMembColdComplete', 'simpCustInvtError', 'simpDistInvtAccept', 'simpMembInvtError', 'poCustColdIntent', 'progDistColdView', 'progCustColdView', 'simpCustColdNextBttn', 'simpMembInvtAccept', 'progCustInvtView'}"
18,ID,"['legacyDistColdView', 'legacyDistColdIntent', 'legacyDistColdSubmit', 'legacyDistColdVerify', 'legacyDistColdComplete', 'legacyDistInvtView', 'legacyDistInvtIntent', 'legacyDistInvtSubmit', 'legacyDistInvtVerify', 'legacyDistInvtComplete', 'simpDistColdView', 'simpDistColdIntent', 'simpDistColdFindAff', 'simpDistColdNextBttn', 'simpDistColdFormStart', 'simpDistColdComplete', 'simpDistInvtLanding', 'simpDistInvtAccept', 'simpDistInvtView', 'simpDistInvtIntent', 'simpDistInvtSubmit', 'simpDistInvtError', 'progDistColdComplete']","{'progMembInvtIntent', 'legacyMembInvtView', 'progDistColdIntent', 'progMembColdComplete', 'simpCustColdContactMe', 'simpDistInvtComplete', 'simpMembInvtIntent', 'progMembColdIntent', 'simpCustColdView', 'legacyCustColdComplete', 'simpMembInvtView', 'progMembColdView', 'legacyCustInvtComplete', 'progDistInvtComplete', 'simpCustInvtComplete', 'legacyCustInvtSubmit', 'progCustColdComplete', 'legacyMembInvtSubmit', 'progDistInvtView', 'simpCustColdFormStart', 'simpCustInvtAccept', 'simpMembColdIntent', 'poCustColdComplete', 'simpMembColdView', 'legacyCustColdView', 'progMembInvtComplete', 'legacyMembColdIntent', 'legacyMembInvtVerify', 'progCustInvtComplete', 'legacyMembColdComplete', 'legacyMembColdVerify', 'progCustColdIntent', 'legacyCustColdVerify', 'simpMembColdFormStart', 'legacyCustInvtVerify', 'simpMembColdNextBttn', 'simpCustInvtView', 'simpCustColdComplete', 'simpMembInvtLanding', 'simpCustInvtLanding', 'simpMembColdFindAff', 'simpMembInvtSubmit', 'simpCustInvtIntent', 'simpCustColdIntent', 'simpCustInvtSubmit', 'legacyCustInvtView', 'simpCustColdFindAff', 'simpMembInvtComplete', 'progMembInvtView', 'legacyMembInvtComplete', 'simpMembColdComplete', 'simpCustInvtError', 'simpMembInvtError', 'poCustColdIntent', 'legacyMembColdView', 'progDistColdView', 'progCustColdView', 'poCustColdView', 'simpCustColdNextBttn', 'simpMembInvtAccept', 'legacyCustColdSubmit', 'legacyMembInvtIntent', 'legacyMembColdSubmit', 'progCustInvtView'}"
19,IE,"['legacyDistColdView', 'legacyDistColdIntent', 'legacyDistColdSubmit', 'legacyDistColdVerify', 'legacyDistColdComplete', 'legacyCustColdView', 'legacyCustColdSubmit', 'legacyCustColdVerify', 'legacyCustColdComplete', 'legacyDistInvtView', 'legacyDistInvtIntent', 'legacyDistInvtSubmit', 'legacyDistInvtVerify', 'legacyDistInvtComplete', 'legacyCustInvtView', 'legacyCustInvtSubmit', 'legacyCustInvtVerify', 'legacyCustInvtComplete', 'legacyMembInvtView', 'legacyMembInvtIntent', 'legacyMembInvtSubmit', 'legacyMembInvtVerify', 'legacyMembInvtComplete', 'poCustColdView', 'poCustColdComplete']","{'simpDistColdFormStart', 'progDistColdComplete', 'progMembInvtIntent', 'progDistColdIntent', 'progMembColdComplete', 'simpDistColdFindAff', 'simpCustColdContactMe', 'simpDistInvtComplete', 'simpMembInvtIntent', 'progMembColdIntent', 'simpDistInvtSubmit', 'simpDistInvtError', 'simpCustColdView', 'simpMembInvtView', 'progMembColdView', 'progDistInvtComplete', 'simpCustInvtComplete', 'progCustColdComplete', 'progDistInvtView', 'simpCustColdFormStart', 'simpDistColdView', 'simpCustInvtAccept', 'simpMembColdIntent', 'simpMembColdView', 'simpDistColdIntent', 'progMembInvtComplete', 'simpDistInvtIntent', 'legacyMembColdIntent', 'progCustInvtComplete', 'legacyMembColdComplete', 'legacyMembColdVerify', 'progCustColdIntent', 'simpMembColdFormStart', 'simpDistInvtLanding', 'simpMembColdNextBttn', 'simpDistInvtView', 'simpCustInvtView', 'simpCustColdComplete', 'simpMembInvtLanding', 'simpCustInvtLanding', 'simpMembColdFindAff', 'simpMembInvtSubmit', 'simpCustInvtIntent', 'simpCustColdIntent', 'simpCustInvtSubmit', 'simpDistColdComplete', 'simpDistColdNextBttn', 'simpCustColdFindAff', 'simpMembInvtComplete', 'progMembInvtView', 'simpMembColdComplete', 'simpCustInvtError', 'simpDistInvtAccept', 'simpMembInvtError', 'poCustColdIntent', 'legacyMembColdView', 'progDistColdView', 'progCustColdView', 'simpCustColdNextBttn', 'simpMembInvtAccept', 'legacyMembColdSubmit', 'progCustInvtView'}"
20,IL,"['legacyDistColdView', 'legacyDistColdIntent', 'legacyDistColdSubmit', 'legacyDistColdVerify', 'legacyDistColdComplete', 'legacyCustColdView', 'legacyCustColdSubmit', 'legacyCustColdVerify', 'legacyCustColdComplete', 'legacyDistInvtView', 'legacyDistInvtIntent', 'legacyDistInvtSubmit', 'legacyDistInvtVerify', 'legacyDistInvtComplete', 'legacyCustInvtView', 'legacyCustInvtSubmit', 'legacyCustInvtVerify', 'legacyCustInvtComplete', 'legacyMembInvtView', 'legacyMembInvtIntent', 'legacyMembInvtSubmit', 'legacyMembInvtVerify', 'legacyMembInvtComplete', 'poCustColdView', 'poCustColdComplete']","{'simpDistColdFormStart', 'progDistColdComplete', 'progMembInvtIntent', 'progDistColdIntent', 'progMembColdComplete', 'simpDistColdFindAff', 'simpCustColdContactMe', 'simpDistInvtComplete', 'simpMembInvtIntent', 'progMembColdIntent', 'simpDistInvtSubmit', 'simpDistInvtError', 'simpCustColdView', 'simpMembInvtView', 'progMembColdView', 'progDistInvtComplete', 'simpCustInvtComplete', 'progCustColdComplete', 'progDistInvtView', 'simpCustColdFormStart', 'simpDistColdView', 'simpCustInvtAccept', 'simpMembColdIntent', 'simpMembColdView', 'simpDistColdIntent', 'progMembInvtComplete', 'simpDistInvtIntent', 'legacyMembColdIntent', 'progCustInvtComplete', 'legacyMembColdComplete', 'legacyMembColdVerify', 'progCustColdIntent', 'simpMembColdFormStart', 'simpDistInvtLanding', 'simpMembColdNextBttn', 'simpDistInvtView', 'simpCustInvtView', 'simpCustColdComplete', 'simpMembInvtLanding', 'simpCustInvtLanding', 'simpMembColdFindAff', 'simpMembInvtSubmit', 'simpCustInvtIntent', 'simpCustColdIntent', 'simpCustInvtSubmit', 'simpDistColdComplete', 'simpDistColdNextBttn', 'simpCustColdFindAff', 'simpMembInvtComplete', 'progMembInvtView', 'simpMembColdComplete', 'simpCustInvtError', 'simpDistInvtAccept', 'simpMembInvtError', 'poCustColdIntent', 'legacyMembColdView', 'progDistColdView', 'progCustColdView', 'simpCustColdNextBttn', 'simpMembInvtAccept', 'legacyMembColdSubmit', 'progCustInvtView'}"
21,IS,"['legacyDistColdView', 'legacyDistColdIntent', 'legacyDistColdSubmit', 'legacyDistColdVerify', 'legacyDistColdComplete', 'legacyCustColdView', 'legacyCustColdSubmit', 'legacyCustColdVerify', 'legacyCustColdComplete', 'legacyMembColdView', 'legacyMembColdIntent', 'legacyMembColdSubmit', 'legacyDistInvtView', 'legacyDistInvtIntent', 'legacyDistInvtSubmit', 'legacyDistInvtVerify', 'legacyDistInvtComplete', 'legacyCustInvtView', 'legacyCustInvtSubmit', 'legacyCustInvtComplete', 'legacyMembInvtView', 'legacyMembInvtIntent', 'legacyMembInvtSubmit', 'legacyMembInvtVerify', 'legacyMembInvtComplete', 'poCustColdView', 'poCustColdComplete']","{'simpDistColdFormStart', 'progDistColdComplete', 'progMembInvtIntent', 'progDistColdIntent', 'progMembColdComplete', 'simpDistColdFindAff', 'simpCustColdContactMe', 'simpDistInvtComplete', 'simpMembInvtIntent', 'progMembColdIntent', 'simpDistInvtSubmit', 'simpDistInvtError', 'simpCustColdView', 'simpMembInvtView', 'progMembColdView', 'progDistInvtComplete', 'simpCustInvtComplete', 'progCustColdComplete', 'progDistInvtView', 'simpCustColdFormStart', 'simpDistColdView', 'simpCustInvtAccept', 'simpMembColdIntent', 'simpMembColdView', 'simpDistColdIntent', 'progMembInvtComplete', 'simpDistInvtIntent', 'progCustInvtComplete', 'legacyMembColdComplete', 'legacyMembColdVerify', 'progCustColdIntent', 'simpMembColdFormStart', 'simpDistInvtLanding', 'legacyCustInvtVerify', 'simpMembColdNextBttn', 'simpDistInvtView', 'simpCustInvtView', 'simpCustColdComplete', 'simpMembInvtLanding', 'simpCustInvtLanding', 'simpMembColdFindAff', 'simpMembInvtSubmit', 'simpCustInvtIntent', 'simpCustColdIntent', 'simpCustInvtSubmit', 'simpDistColdComplete', 'simpDistColdNextBttn', 'simpCustColdFindAff', 'simpMembInvtComplete', 'progMembInvtView', 'simpMembColdComplete', 'simpCustInvtError', 'simpDistInvtAccept', 'simpMembInvtError', 'poCustColdIntent', 'progDistColdView', 'progCustColdView', 'simpCustColdNextBttn', 'simpMembInvtAccept', 'progCustInvtView'}"
22,IT,"['legacyDistColdView', 'legacyDistColdIntent', 'legacyDistColdSubmit', 'legacyDistColdVerify', 'legacyDistColdComplete', 'legacyCustColdView', 'legacyCustColdSubmit', 'legacyCustColdVerify', 'legacyCustColdComplete', 'legacyMembColdView', 'legacyMembColdIntent', 'legacyMembColdSubmit', 'legacyDistInvtView', 'legacyDistInvtIntent', 'legacyDistInvtSubmit', 'legacyDistInvtVerify', 'legacyDistInvtComplete', 'legacyCustInvtView', 'legacyCustInvtSubmit', 'legacyCustInvtVerify', 'legacyCustInvtComplete', 'legacyMembInvtView', 'legacyMembInvtIntent', 'legacyMembInvtSubmit', 'legacyMembInvtVerify', 'legacyMembInvtComplete', 'poCustColdView', 'poCustColdComplete']","{'simpDistColdFormStart', 'progDistColdComplete', 'progMembInvtIntent', 'progDistColdIntent', 'progMembColdComplete', 'simpDistColdFindAff', 'simpCustColdContactMe', 'simpDistInvtComplete', 'simpMembInvtIntent', 'progMembColdIntent', 'simpDistInvtSubmit', 'simpDistInvtError', 'simpCustColdView', 'simpMembInvtView', 'progMembColdView', 'progDistInvtComplete', 'simpCustInvtComplete', 'progCustColdComplete', 'progDistInvtView', 'simpCustColdFormStart', 'simpDistColdView', 'simpCustInvtAccept', 'simpMembColdIntent', 'simpMembColdView', 'simpDistColdIntent', 'progMembInvtComplete', 'simpDistInvtIntent', 'progCustInvtComplete', 'legacyMembColdComplete', 'legacyMembColdVerify', 'progCustColdIntent', 'simpMembColdFormStart', 'simpDistInvtLanding', 'simpMembColdNextBttn', 'simpDistInvtView', 'simpCustInvtView', 'simpCustColdComplete', 'simpMembInvtLanding', 'simpCustInvtLanding', 'simpMembColdFindAff', 'simpMembInvtSubmit', 'simpCustInvtIntent', 'simpCustColdIntent', 'simpCustInvtSubmit', 'simpDistColdComplete', 'simpDistColdNextBttn', 'simpCustColdFindAff', 'simpMembInvtComplete', 'progMembInvtView', 'simpMembColdComplete', 'simpCustInvtError', 'simpDistInvtAccept', 'simpMembInvtError', 'poCustColdIntent', 'progDistColdView', 'progCustColdView', 'simpCustColdNextBttn', 'simpMembInvtAccept', 'progCustInvtView'}"
23,JP,"['legacyMembColdView', 'legacyMembColdIntent', 'legacyMembColdSubmit', 'legacyMembColdComplete']","{'simpDistColdFormStart', 'progDistColdComplete', 'progMembInvtIntent', 'legacyMembInvtView', 'progDistColdIntent', 'progMembColdComplete', 'legacyDistColdSubmit', 'simpDistColdFindAff', 'simpCustColdContactMe', 'simpDistInvtComplete', 'simpMembInvtIntent', 'progMembColdIntent', 'simpDistInvtSubmit', 'simpDistInvtError', 'simpCustColdView', 'legacyCustColdComplete', 'simpMembInvtView', 'progMembColdView', 'legacyCustInvtComplete', 'progDistInvtComplete', 'simpCustInvtComplete', 'legacyCustInvtSubmit', 'progCustColdComplete', 'legacyMembInvtSubmit', 'progDistInvtView', 'simpCustColdFormStart', 'legacyDistColdIntent', 'simpDistColdView', 'simpCustInvtAccept', 'simpMembColdIntent', 'poCustColdComplete', 'simpMembColdView', 'simpDistColdIntent', 'legacyCustColdView', 'progMembInvtComplete', 'simpDistInvtIntent', 'legacyMembInvtVerify', 'progCustInvtComplete', 'legacyMembColdVerify', 'legacyDistInvtVerify', 'progCustColdIntent', 'legacyCustColdVerify', 'simpMembColdFormStart', 'simpDistInvtLanding', 'legacyCustInvtVerify', 'simpMembColdNextBttn', 'simpDistInvtView', 'simpCustInvtView', 'simpCustColdComplete', 'legacyDistInvtComplete', 'simpMembInvtLanding', 'legacyDistColdComplete', 'simpCustInvtLanding', 'legacyDistInvtIntent', 'legacyDistColdVerify', 'simpMembColdFindAff', 'simpMembInvtSubmit', 'simpCustInvtIntent', 'simpCustColdIntent', 'simpCustInvtSubmit', 'simpDistColdComplete', 'legacyCustInvtView', 'simpDistColdNextBttn', 'simpCustColdFindAff', 'simpMembInvtComplete', 'progMembInvtView', 'legacyMembInvtComplete', 'simpMembColdComplete', 'simpCustInvtError', 'legacyDistColdView', 'simpDistInvtAccept', 'legacyDistInvtSubmit', 'simpMembInvtError', 'poCustColdIntent', 'progDistColdView', 'progCustColdView', 'poCustColdView', 'simpCustColdNextBttn', 'simpMembInvtAccept', 'legacyCustColdSubmit', 'legacyMembInvtIntent', 'legacyDistInvtView', 'progCustInvtView'}"
24,LU,"['legacyDistColdView', 'legacyDistColdIntent', 'legacyDistColdSubmit', 'legacyDistColdVerify', 'legacyDistColdComplete', 'legacyCustColdView', 'legacyCustColdSubmit', 'legacyCustColdVerify', 'legacyCustColdComplete', 'legacyMembColdView', 'legacyDistInvtView', 'legacyDistInvtIntent', 'legacyDistInvtSubmit', 'legacyDistInvtVerify', 'legacyDistInvtComplete', 'legacyCustInvtView', 'legacyCustInvtSubmit', 'legacyCustInvtVerify', 'legacyCustInvtComplete', 'legacyMembInvtView', 'legacyMembInvtIntent', 'legacyMembInvtSubmit', 'legacyMembInvtVerify', 'legacyMembInvtComplete', 'poCustColdView', 'poCustColdComplete']","{'simpDistColdFormStart', 'progDistColdComplete', 'progMembInvtIntent', 'progDistColdIntent', 'progMembColdComplete', 'simpDistColdFindAff', 'simpCustColdContactMe', 'simpDistInvtComplete', 'simpMembInvtIntent', 'progMembColdIntent', 'simpDistInvtSubmit', 'simpDistInvtError', 'simpCustColdView', 'simpMembInvtView', 'progMembColdView', 'progDistInvtComplete', 'simpCustInvtComplete', 'progCustColdComplete', 'progDistInvtView', 'simpCustColdFormStart', 'simpDistColdView', 'simpCustInvtAccept', 'simpMembColdIntent', 'simpMembColdView', 'simpDistColdIntent', 'progMembInvtComplete', 'simpDistInvtIntent', 'legacyMembColdIntent', 'progCustInvtComplete', 'legacyMembColdComplete', 'legacyMembColdVerify', 'progCustColdIntent', 'simpMembColdFormStart', 'simpDistInvtLanding', 'simpMembColdNextBttn', 'simpDistInvtView', 'simpCustInvtView', 'simpCustColdComplete', 'simpMembInvtLanding', 'simpCustInvtLanding', 'simpMembColdFindAff', 'simpMembInvtSubmit', 'simpCustInvtIntent', 'simpCustColdIntent', 'simpCustInvtSubmit', 'simpDistColdComplete', 'simpDistColdNextBttn', 'simpCustColdFindAff', 'simpMembInvtComplete', 'progMembInvtView', 'simpMembColdComplete', 'simpCustInvtError', 'simpDistInvtAccept', 'simpMembInvtError', 'poCustColdIntent', 'progDistColdView', 'progCustColdView', 'simpCustColdNextBttn', 'simpMembInvtAccept', 'legacyMembColdSubmit', 'progCustInvtView'}"
25,MX,"['legacyDistColdView', 'legacyDistColdIntent', 'legacyDistColdSubmit', 'legacyDistColdVerify', 'legacyDistColdComplete', 'legacyCustColdView', 'legacyCustColdSubmit', 'legacyCustColdVerify', 'legacyCustColdComplete', 'legacyMembColdView', 'legacyMembColdIntent', 'legacyMembColdSubmit', 'legacyMembColdVerify', 'legacyMembColdComplete', 'legacyDistInvtView', 'legacyDistInvtIntent', 'legacyDistInvtSubmit', 'legacyDistInvtVerify', 'legacyDistInvtComplete', 'legacyCustInvtView', 'legacyCustInvtSubmit', 'legacyCustInvtVerify', 'legacyCustInvtComplete', 'legacyMembInvtView', 'legacyMembInvtIntent', 'legacyMembInvtSubmit', 'legacyMembInvtVerify', 'legacyMembInvtComplete', 'poCustColdView', 'poCustColdComplete', 'simpDistColdView', 'simpDistColdIntent', 'simpDistColdFindAff', 'simpDistColdNextBttn', 'simpDistColdFormStart', 'simpDistColdComplete', 'simpCustColdView', 'simpCustColdIntent', 'simpCustColdFindAff', 'simpCustColdNextBttn', 'simpCustColdFormStart', 'simpCustColdContactMe', 'simpCustColdComplete', 'simpMembColdView', 'simpMembColdIntent', 'simpMembColdFindAff', 'simpMembColdNextBttn', 'simpMembColdFormStart', 'simpMembColdComplete', 'simpDistInvtLanding', 'simpDistInvtAccept', 'simpDistInvtView', 'simpDistInvtIntent', 'simpDistInvtSubmit', 'simpDistInvtComplete', 'simpDistInvtError', 'simpCustInvtLanding', 'simpCustInvtAccept', 'simpCustInvtView', 'simpCustInvtIntent', 'simpCustInvtSubmit', 'simpCustInvtComplete', 'simpCustInvtError', 'simpMembInvtLanding', 'simpMembInvtAccept', 'simpMembInvtError']","{'progDistColdComplete', 'progMembInvtIntent', 'progDistColdIntent', 'progMembColdComplete', 'simpMembInvtIntent', 'progMembColdIntent', 'simpMembInvtSubmit', 'simpMembInvtView', 'progMembColdView', 'progDistInvtComplete', 'progCustColdComplete', 'progDistInvtView', 'simpMembInvtComplete', 'progMembInvtView', 'poCustColdIntent', 'progMembInvtComplete', 'progDistColdView', 'progCustInvtComplete', 'progCustColdView', 'progCustColdIntent', 'progCustInvtView'}"
26,MY,"['legacyDistColdView', 'legacyDistColdIntent', 'legacyDistColdSubmit', 'legacyDistColdVerify', 'legacyDistColdComplete', 'legacyDistInvtView', 'legacyDistInvtIntent', 'legacyDistInvtSubmit', 'legacyDistInvtVerify', 'legacyDistInvtComplete', 'simpDistColdView', 'simpDistColdIntent', 'simpDistColdFindAff', 'simpDistColdNextBttn', 'simpDistColdFormStart', 'simpDistColdComplete', 'simpDistInvtError']","{'progDistColdComplete', 'progMembInvtIntent', 'legacyMembInvtView', 'progDistColdIntent', 'progMembColdComplete', 'simpCustColdContactMe', 'simpDistInvtComplete', 'simpMembInvtIntent', 'progMembColdIntent', 'simpDistInvtSubmit', 'simpCustColdView', 'legacyCustColdComplete', 'simpMembInvtView', 'progMembColdView', 'legacyCustInvtComplete', 'progDistInvtComplete', 'simpCustInvtComplete', 'legacyCustInvtSubmit', 'progCustColdComplete', 'legacyMembInvtSubmit', 'progDistInvtView', 'simpCustColdFormStart', 'simpCustInvtAccept', 'simpMembColdIntent', 'poCustColdComplete', 'simpMembColdView', 'legacyCustColdView', 'progMembInvtComplete', 'simpDistInvtIntent', 'legacyMembColdIntent', 'legacyMembInvtVerify', 'progCustInvtComplete', 'legacyMembColdComplete', 'legacyMembColdVerify', 'progCustColdIntent', 'legacyCustColdVerify', 'simpMembColdFormStart', 'simpDistInvtLanding', 'legacyCustInvtVerify', 'simpMembColdNextBttn', 'simpDistInvtView', 'simpCustInvtView', 'simpCustColdComplete', 'simpMembInvtLanding', 'simpCustInvtLanding', 'simpMembColdFindAff', 'simpMembInvtSubmit', 'simpCustInvtIntent', 'simpCustColdIntent', 'simpCustInvtSubmit', 'legacyCustInvtView', 'simpCustColdFindAff', 'simpMembInvtComplete', 'progMembInvtView', 'legacyMembInvtComplete', 'simpMembColdComplete', 'simpCustInvtError', 'simpDistInvtAccept', 'simpMembInvtError', 'poCustColdIntent', 'legacyMembColdView', 'progDistColdView', 'progCustColdView', 'poCustColdView', 'simpCustColdNextBttn', 'simpMembInvtAccept', 'legacyCustColdSubmit', 'legacyMembInvtIntent', 'legacyMembColdSubmit', 'progCustInvtView'}"
27,NC,"['legacyDistColdView', 'legacyDistColdIntent', 'legacyDistColdSubmit', 'legacyDistColdVerify', 'legacyDistColdComplete', 'legacyCustColdView', 'legacyCustColdSubmit', 'legacyCustColdVerify', 'legacyCustColdComplete', 'legacyMembColdView', 'legacyMembColdIntent', 'legacyMembColdSubmit', 'legacyDistInvtView', 'legacyDistInvtIntent', 'legacyDistInvtSubmit', 'legacyDistInvtVerify', 'legacyDistInvtComplete', 'legacyCustInvtView', 'legacyCustInvtSubmit', 'legacyCustInvtVerify', 'legacyCustInvtComplete', 'legacyMembInvtView', 'poCustColdView', 'poCustColdComplete']","{'simpDistColdFormStart', 'progDistColdComplete', 'progMembInvtIntent', 'progDistColdIntent', 'progMembColdComplete', 'simpDistColdFindAff', 'simpCustColdContactMe', 'simpDistInvtComplete', 'simpMembInvtIntent', 'progMembColdIntent', 'simpDistInvtSubmit', 'simpDistInvtError', 'simpCustColdView', 'simpMembInvtView', 'progMembColdView', 'progDistInvtComplete', 'simpCustInvtComplete', 'progCustColdComplete', 'legacyMembInvtSubmit', 'progDistInvtView', 'simpCustColdFormStart', 'simpDistColdView', 'simpCustInvtAccept', 'simpMembColdIntent', 'simpMembColdView', 'simpDistColdIntent', 'progMembInvtComplete', 'simpDistInvtIntent', 'legacyMembInvtVerify', 'progCustInvtComplete', 'legacyMembColdComplete', 'legacyMembColdVerify', 'progCustColdIntent', 'simpMembColdFormStart', 'simpDistInvtLanding', 'simpMembColdNextBttn', 'simpDistInvtView', 'simpCustInvtView', 'simpCustColdComplete', 'simpMembInvtLanding', 'simpCustInvtLanding', 'simpMembColdFindAff', 'simpMembInvtSubmit', 'simpCustInvtIntent', 'simpCustColdIntent', 'simpCustInvtSubmit', 'simpDistColdComplete', 'simpDistColdNextBttn', 'simpCustColdFindAff', 'simpMembInvtComplete', 'progMembInvtView', 'legacyMembInvtComplete', 'simpMembColdComplete', 'simpCustInvtError', 'simpDistInvtAccept', 'simpMembInvtError', 'poCustColdIntent', 'progDistColdView', 'progCustColdView', 'simpCustColdNextBttn', 'simpMembInvtAccept', 'legacyMembInvtIntent', 'progCustInvtView'}"
28,NL,"['legacyDistColdView', 'legacyDistColdIntent', 'legacyDistColdSubmit', 'legacyDistColdVerify', 'legacyDistColdComplete', 'legacyCustColdView', 'legacyCustColdSubmit', 'legacyCustColdVerify', 'legacyCustColdComplete', 'legacyMembColdView', 'legacyDistInvtView', 'legacyDistInvtIntent', 'legacyDistInvtSubmit', 'legacyDistInvtVerify', 'legacyDistInvtComplete', 'legacyCustInvtView', 'legacyCustInvtSubmit', 'legacyCustInvtVerify', 'legacyCustInvtComplete', 'legacyMembInvtView', 'legacyMembInvtIntent', 'legacyMembInvtSubmit', 'legacyMembInvtVerify', 'legacyMembInvtComplete', 'poCustColdView', 'poCustColdComplete']","{'simpDistColdFormStart', 'progDistColdComplete', 'progMembInvtIntent', 'progDistColdIntent', 'progMembColdComplete', 'simpDistColdFindAff', 'simpCustColdContactMe', 'simpDistInvtComplete', 'simpMembInvtIntent', 'progMembColdIntent', 'simpDistInvtSubmit', 'simpDistInvtError', 'simpCustColdView', 'simpMembInvtView', 'progMembColdView', 'progDistInvtComplete', 'simpCustInvtComplete', 'progCustColdComplete', 'progDistInvtView', 'simpCustColdFormStart', 'simpDistColdView', 'simpCustInvtAccept', 'simpMembColdIntent', 'simpMembColdView', 'simpDistColdIntent', 'progMembInvtComplete', 'simpDistInvtIntent', 'legacyMembColdIntent', 'progCustInvtComplete', 'legacyMembColdComplete', 'legacyMembColdVerify', 'progCustColdIntent', 'simpMembColdFormStart', 'simpDistInvtLanding', 'simpMembColdNextBttn', 'simpDistInvtView', 'simpCustInvtView', 'simpCustColdComplete', 'simpMembInvtLanding', 'simpCustInvtLanding', 'simpMembColdFindAff', 'simpMembInvtSubmit', 'simpCustInvtIntent', 'simpCustColdIntent', 'simpCustInvtSubmit', 'simpDistColdComplete', 'simpDistColdNextBttn', 'simpCustColdFindAff', 'simpMembInvtComplete', 'progMembInvtView', 'simpMembColdComplete', 'simpCustInvtError', 'simpDistInvtAccept', 'simpMembInvtError', 'poCustColdIntent', 'progDistColdView', 'progCustColdView', 'simpCustColdNextBttn', 'simpMembInvtAccept', 'legacyMembColdSubmit', 'progCustInvtView'}"
29,NO,"['legacyDistColdView', 'legacyDistColdIntent', 'legacyDistColdSubmit', 'legacyDistColdVerify', 'legacyDistColdComplete', 'legacyCustColdView', 'legacyCustColdSubmit', 'legacyCustColdVerify', 'legacyCustColdComplete', 'legacyDistInvtView', 'legacyDistInvtIntent', 'legacyDistInvtSubmit', 'legacyDistInvtVerify', 'legacyDistInvtComplete', 'legacyCustInvtView', 'legacyCustInvtSubmit', 'legacyCustInvtVerify', 'legacyCustInvtComplete', 'legacyMembInvtView', 'legacyMembInvtIntent', 'legacyMembInvtSubmit', 'legacyMembInvtVerify', 'legacyMembInvtComplete', 'poCustColdView', 'poCustColdComplete']","{'simpDistColdFormStart', 'progDistColdComplete', 'progMembInvtIntent', 'progDistColdIntent', 'progMembColdComplete', 'simpDistColdFindAff', 'simpCustColdContactMe', 'simpDistInvtComplete', 'simpMembInvtIntent', 'progMembColdIntent', 'simpDistInvtSubmit', 'simpDistInvtError', 'simpCustColdView', 'simpMembInvtView', 'progMembColdView', 'progDistInvtComplete', 'simpCustInvtComplete', 'progCustColdComplete', 'progDistInvtView', 'simpCustColdFormStart', 'simpDistColdView', 'simpCustInvtAccept', 'simpMembColdIntent', 'simpMembColdView', 'simpDistColdIntent', 'progMembInvtComplete', 'simpDistInvtIntent', 'legacyMembColdIntent', 'progCustInvtComplete', 'legacyMembColdComplete', 'legacyMembColdVerify', 'progCustColdIntent', 'simpMembColdFormStart', 'simpDistInvtLanding', 'simpMembColdNextBttn', 'simpDistInvtView', 'simpCustInvtView', 'simpCustColdComplete', 'simpMembInvtLanding', 'simpCustInvtLanding', 'simpMembColdFindAff', 'simpMembInvtSubmit', 'simpCustInvtIntent', 'simpCustColdIntent', 'simpCustInvtSubmit', 'simpDistColdComplete', 'simpDistColdNextBttn', 'simpCustColdFindAff', 'simpMembInvtComplete', 'progMembInvtView', 'simpMembColdComplete', 'simpCustInvtError', 'simpDistInvtAccept', 'simpMembInvtError', 'poCustColdIntent', 'legacyMembColdView', 'progDistColdView', 'progCustColdView', 'simpCustColdNextBttn', 'simpMembInvtAccept', 'legacyMembColdSubmit', 'progCustInvtView'}"
30,NZ,"['legacyDistColdView', 'legacyDistColdIntent', 'legacyDistColdSubmit', 'legacyDistColdVerify', 'legacyDistColdComplete', 'legacyCustColdView', 'legacyCustColdSubmit', 'legacyCustColdVerify', 'legacyCustColdComplete', 'legacyMembColdView', 'legacyMembColdIntent', 'legacyMembColdSubmit', 'legacyMembColdVerify', 'legacyMembColdComplete', 'legacyDistInvtView', 'legacyDistInvtIntent', 'legacyDistInvtSubmit', 'legacyDistInvtVerify', 'legacyDistInvtComplete', 'legacyCustInvtView', 'legacyCustInvtSubmit', 'legacyCustInvtVerify', 'legacyCustInvtComplete', 'legacyMembInvtView', 'legacyMembInvtIntent', 'legacyMembInvtSubmit', 'legacyMembInvtVerify', 'legacyMembInvtComplete', 'poCustColdView', 'poCustColdIntent', 'poCustColdComplete']","{'simpDistColdFormStart', 'progDistColdComplete', 'progMembInvtIntent', 'progDistColdIntent', 'progMembColdComplete', 'simpDistColdFindAff', 'simpCustColdContactMe', 'simpDistInvtComplete', 'simpMembInvtIntent', 'progMembColdIntent', 'simpDistInvtSubmit', 'simpDistInvtError', 'simpCustColdView', 'simpMembInvtView', 'progMembColdView', 'progDistInvtComplete', 'simpCustInvtComplete', 'progCustColdComplete', 'progDistInvtView', 'simpCustColdFormStart', 'simpDistColdView', 'simpCustInvtAccept', 'simpMembColdIntent', 'simpMembColdView', 'simpDistColdIntent', 'progMembInvtComplete', 'simpDistInvtIntent', 'progCustInvtComplete', 'progCustColdIntent', 'simpMembColdFormStart', 'simpDistInvtLanding', 'simpMembColdNextBttn', 'simpDistInvtView', 'simpCustInvtView', 'simpCustColdComplete', 'simpMembInvtLanding', 'simpCustInvtLanding', 'simpMembColdFindAff', 'simpMembInvtSubmit', 'simpCustInvtIntent', 'simpCustColdIntent', 'simpCustInvtSubmit', 'simpDistColdComplete', 'simpDistColdNextBttn', 'simpCustColdFindAff', 'simpMembInvtComplete', 'progMembInvtView', 'simpMembColdComplete', 'simpCustInvtError', 'simpDistInvtAccept', 'simpMembInvtError', 'progDistColdView', 'progCustColdView', 'simpCustColdNextBttn', 'simpMembInvtAccept', 'progCustInvtView'}"
31,PE,"['poCustColdView', 'poCustColdComplete', 'progDistColdView', 'progDistColdIntent', 'progDistColdComplete', 'progCustColdView', 'progCustColdIntent', 'progCustColdComplete', 'progMembInvtView', 'progMembInvtComplete', 'progDistInvtView', 'progDistInvtComplete', 'progCustInvtView', 'progCustInvtComplete']","{'simpDistColdFormStart', 'progMembInvtIntent', 'legacyMembInvtView', 'progMembColdComplete', 'legacyDistColdSubmit', 'simpDistColdFindAff', 'simpCustColdContactMe', 'simpDistInvtComplete', 'simpMembInvtIntent', 'progMembColdIntent', 'simpDistInvtSubmit', 'simpDistInvtError', 'simpCustColdView', 'legacyCustColdComplete', 'simpMembInvtView', 'progMembColdView', 'legacyCustInvtComplete', 'simpCustInvtComplete', 'legacyCustInvtSubmit', 'legacyMembInvtSubmit', 'simpCustColdFormStart', 'legacyDistColdIntent', 'simpDistColdView', 'simpCustInvtAccept', 'simpMembColdIntent', 'simpMembColdView', 'simpDistColdIntent', 'legacyCustColdView', 'simpDistInvtIntent', 'legacyMembColdIntent', 'legacyMembInvtVerify', 'legacyMembColdComplete', 'legacyMembColdVerify', 'legacyDistInvtVerify', 'legacyCustColdVerify', 'simpMembColdFormStart', 'simpDistInvtLanding', 'legacyCustInvtVerify', 'simpMembColdNextBttn', 'simpDistInvtView', 'simpCustInvtView', 'simpCustColdComplete', 'legacyDistInvtComplete', 'simpMembInvtLanding', 'legacyDistColdComplete', 'simpCustInvtLanding', 'legacyDistInvtIntent', 'legacyDistColdVerify', 'simpMembColdFindAff', 'simpMembInvtSubmit', 'simpCustInvtIntent', 'simpCustColdIntent', 'simpCustInvtSubmit', 'simpDistColdComplete', 'legacyCustInvtView', 'simpDistColdNextBttn', 'simpCustColdFindAff', 'simpMembInvtComplete', 'legacyMembInvtComplete', 'simpMembColdComplete', 'simpCustInvtError', 'legacyDistColdView', 'simpDistInvtAccept', 'legacyDistInvtSubmit', 'simpMembInvtError', 'poCustColdIntent', 'legacyMembColdView', 'simpCustColdNextBttn', 'simpMembInvtAccept', 'legacyCustColdSubmit', 'legacyMembInvtIntent', 'legacyMembColdSubmit', 'legacyDistInvtView'}"
32,PF,"['legacyDistColdView', 'legacyDistColdIntent', 'legacyDistColdSubmit', 'legacyDistColdVerify', 'legacyDistColdComplete', 'legacyCustColdView', 'legacyCustColdSubmit', 'legacyCustColdVerify', 'legacyCustColdComplete', 'legacyMembColdView', 'legacyMembColdIntent', 'legacyMembColdSubmit', 'legacyMembColdVerify', 'legacyMembColdComplete', 'legacyDistInvtView', 'legacyDistInvtIntent', 'legacyDistInvtSubmit', 'legacyDistInvtVerify', 'legacyDistInvtComplete', 'legacyCustInvtView', 'legacyCustInvtSubmit', 'legacyMembInvtView', 'legacyMembInvtIntent', 'legacyMembInvtSubmit', 'legacyMembInvtVerify', 'legacyMembInvtComplete', 'poCustColdView', 'poCustColdComplete', 'progDistColdComplete']","{'simpDistColdFormStart', 'progMembInvtIntent', 'progDistColdIntent', 'progMembColdComplete', 'simpDistColdFindAff', 'simpCustColdContactMe', 'simpDistInvtComplete', 'simpMembInvtIntent', 'progMembColdIntent', 'simpDistInvtSubmit', 'simpDistInvtError', 'simpCustColdView', 'simpMembInvtView', 'progMembColdView', 'legacyCustInvtComplete', 'progDistInvtComplete', 'simpCustInvtComplete', 'progCustColdComplete', 'progDistInvtView', 'simpCustColdFormStart', 'simpDistColdView', 'simpCustInvtAccept', 'simpMembColdIntent', 'simpMembColdView', 'simpDistColdIntent', 'progMembInvtComplete', 'simpDistInvtIntent', 'progCustInvtComplete', 'progCustColdIntent', 'simpMembColdFormStart', 'simpDistInvtLanding', 'legacyCustInvtVerify', 'simpMembColdNextBttn', 'simpDistInvtView', 'simpCustInvtView', 'simpCustColdComplete', 'simpMembInvtLanding', 'simpCustInvtLanding', 'simpMembColdFindAff', 'simpMembInvtSubmit', 'simpCustInvtIntent', 'simpCustColdIntent', 'simpCustInvtSubmit', 'simpDistColdComplete', 'simpDistColdNextBttn', 'simpCustColdFindAff', 'simpMembInvtComplete', 'progMembInvtView', 'simpMembColdComplete', 'simpCustInvtError', 'simpDistInvtAccept', 'simpMembInvtError', 'poCustColdIntent', 'progDistColdView', 'progCustColdView', 'simpCustColdNextBttn', 'simpMembInvtAccept', 'progCustInvtView'}"
33,PH,"['legacyDistColdView', 'legacyDistColdIntent', 'legacyDistColdSubmit', 'legacyDistColdVerify', 'legacyDistColdComplete', 'legacyDistInvtView', 'legacyDistInvtIntent', 'legacyDistInvtSubmit', 'legacyDistInvtVerify', 'legacyDistInvtComplete', 'legacyMembInvtView', 'simpDistColdView', 'simpDistColdIntent', 'simpDistColdFindAff', 'simpDistColdNextBttn', 'simpDistColdFormStart', 'simpDistColdComplete', 'simpDistInvtLanding', 'simpDistInvtAccept', 'simpDistInvtView', 'simpDistInvtIntent', 'simpDistInvtSubmit', 'simpDistInvtError']","{'progDistColdComplete', 'progMembInvtIntent', 'progDistColdIntent', 'progMembColdComplete', 'simpCustColdContactMe', 'simpDistInvtComplete', 'simpMembInvtIntent', 'progMembColdIntent', 'simpCustColdView', 'legacyCustColdComplete', 'simpMembInvtView', 'progMembColdView', 'legacyCustInvtComplete', 'progDistInvtComplete', 'simpCustInvtComplete', 'legacyCustInvtSubmit', 'progCustColdComplete', 'legacyMembInvtSubmit', 'progDistInvtView', 'simpCustColdFormStart', 'simpCustInvtAccept', 'simpMembColdIntent', 'poCustColdComplete', 'simpMembColdView', 'legacyCustColdView', 'progMembInvtComplete', 'legacyMembColdIntent', 'legacyMembInvtVerify', 'progCustInvtComplete', 'legacyMembColdComplete', 'legacyMembColdVerify', 'progCustColdIntent', 'legacyCustColdVerify', 'simpMembColdFormStart', 'legacyCustInvtVerify', 'simpMembColdNextBttn', 'simpCustInvtView', 'simpCustColdComplete', 'simpMembInvtLanding', 'simpCustInvtLanding', 'simpMembColdFindAff', 'simpMembInvtSubmit', 'simpCustInvtIntent', 'simpCustColdIntent', 'simpCustInvtSubmit', 'legacyCustInvtView', 'simpCustColdFindAff', 'simpMembInvtComplete', 'progMembInvtView', 'legacyMembInvtComplete', 'simpMembColdComplete', 'simpCustInvtError', 'simpMembInvtError', 'poCustColdIntent', 'legacyMembColdView', 'progDistColdView', 'progCustColdView', 'poCustColdView', 'simpCustColdNextBttn', 'simpMembInvtAccept', 'legacyCustColdSubmit', 'legacyMembInvtIntent', 'legacyMembColdSubmit', 'progCustInvtView'}"
34,PL,"['legacyDistColdView', 'legacyDistColdIntent', 'legacyDistColdSubmit', 'legacyDistColdVerify', 'legacyDistColdComplete', 'legacyCustColdView', 'legacyCustColdSubmit', 'legacyCustColdVerify', 'legacyCustColdComplete', 'legacyMembColdView', 'legacyMembColdIntent', 'legacyMembColdSubmit', 'legacyMembColdVerify', 'legacyMembColdComplete', 'legacyDistInvtView', 'legacyDistInvtIntent', 'legacyDistInvtSubmit', 'legacyDistInvtVerify', 'legacyDistInvtComplete', 'legacyCustInvtView', 'legacyCustInvtSubmit', 'legacyCustInvtVerify', 'legacyCustInvtComplete', 'legacyMembInvtView', 'legacyMembInvtIntent', 'legacyMembInvtSubmit', 'legacyMembInvtVerify', 'legacyMembInvtComplete', 'poCustColdView', 'poCustColdComplete']","{'simpDistColdFormStart', 'progDistColdComplete', 'progMembInvtIntent', 'progDistColdIntent', 'progMembColdComplete', 'simpDistColdFindAff', 'simpCustColdContactMe', 'simpDistInvtComplete', 'simpMembInvtIntent', 'progMembColdIntent', 'simpDistInvtSubmit', 'simpDistInvtError', 'simpCustColdView', 'simpMembInvtView', 'progMembColdView', 'progDistInvtComplete', 'simpCustInvtComplete', 'progCustColdComplete', 'progDistInvtView', 'simpCustColdFormStart', 'simpDistColdView', 'simpCustInvtAccept', 'simpMembColdIntent', 'simpMembColdView', 'simpDistColdIntent', 'progMembInvtComplete', 'simpDistInvtIntent', 'progCustInvtComplete', 'progCustColdIntent', 'simpMembColdFormStart', 'simpDistInvtLanding', 'simpMembColdNextBttn', 'simpDistInvtView', 'simpCustInvtView', 'simpCustColdComplete', 'simpMembInvtLanding', 'simpCustInvtLanding', 'simpMembColdFindAff', 'simpMembInvtSubmit', 'simpCustInvtIntent', 'simpCustColdIntent', 'simpCustInvtSubmit', 'simpDistColdComplete', 'simpDistColdNextBttn', 'simpCustColdFindAff', 'simpMembInvtComplete', 'progMembInvtView', 'simpMembColdComplete', 'simpCustInvtError', 'simpDistInvtAccept', 'simpMembInvtError', 'poCustColdIntent', 'progDistColdView', 'progCustColdView', 'simpCustColdNextBttn', 'simpMembInvtAccept', 'progCustInvtView'}"
35,PT,"['legacyDistColdView', 'legacyDistColdIntent', 'legacyDistColdSubmit', 'legacyDistColdVerify', 'legacyDistColdComplete', 'legacyCustColdView', 'legacyCustColdSubmit', 'legacyCustColdVerify', 'legacyCustColdComplete', 'legacyMembColdView', 'legacyMembColdIntent', 'legacyMembColdVerify', 'legacyMembColdComplete', 'legacyDistInvtView', 'legacyDistInvtIntent', 'legacyDistInvtSubmit', 'legacyDistInvtVerify', 'legacyDistInvtComplete', 'legacyCustInvtView', 'legacyCustInvtSubmit', 'legacyCustInvtVerify', 'legacyCustInvtComplete', 'legacyMembInvtView', 'legacyMembInvtIntent', 'legacyMembInvtSubmit', 'legacyMembInvtVerify', 'legacyMembInvtComplete', 'poCustColdView', 'poCustColdComplete']","{'simpDistColdFormStart', 'progDistColdComplete', 'progMembInvtIntent', 'progDistColdIntent', 'progMembColdComplete', 'simpDistColdFindAff', 'simpCustColdContactMe', 'simpDistInvtComplete', 'simpMembInvtIntent', 'progMembColdIntent', 'simpDistInvtSubmit', 'simpDistInvtError', 'simpCustColdView', 'simpMembInvtView', 'progMembColdView', 'progDistInvtComplete', 'simpCustInvtComplete', 'progCustColdComplete', 'progDistInvtView', 'simpCustColdFormStart', 'simpDistColdView', 'simpCustInvtAccept', 'simpMembColdIntent', 'simpMembColdView', 'simpDistColdIntent', 'progMembInvtComplete', 'simpDistInvtIntent', 'progCustInvtComplete', 'progCustColdIntent', 'simpMembColdFormStart', 'simpDistInvtLanding', 'simpMembColdNextBttn', 'simpDistInvtView', 'simpCustInvtView', 'simpCustColdComplete', 'simpMembInvtLanding', 'simpCustInvtLanding', 'simpMembColdFindAff', 'simpMembInvtSubmit', 'simpCustInvtIntent', 'simpCustColdIntent', 'simpCustInvtSubmit', 'simpDistColdComplete', 'simpDistColdNextBttn', 'simpCustColdFindAff', 'simpMembInvtComplete', 'progMembInvtView', 'simpMembColdComplete', 'simpCustInvtError', 'simpDistInvtAccept', 'simpMembInvtError', 'poCustColdIntent', 'progDistColdView', 'progCustColdView', 'simpCustColdNextBttn', 'simpMembInvtAccept', 'legacyMembColdSubmit', 'progCustInvtView'}"
36,RO,"['legacyDistColdView', 'legacyDistColdIntent', 'legacyDistColdSubmit', 'legacyDistColdVerify', 'legacyDistColdComplete', 'legacyCustColdView', 'legacyCustColdSubmit', 'legacyCustColdVerify', 'legacyCustColdComplete', 'legacyMembColdView', 'legacyMembColdIntent', 'legacyMembColdSubmit', 'legacyMembColdComplete', 'legacyDistInvtView', 'legacyDistInvtIntent', 'legacyDistInvtSubmit', 'legacyDistInvtVerify', 'legacyDistInvtComplete', 'legacyCustInvtView', 'legacyCustInvtSubmit', 'legacyCustInvtVerify', 'legacyCustInvtComplete', 'legacyMembInvtView', 'legacyMembInvtIntent', 'legacyMembInvtSubmit', 'legacyMembInvtVerify', 'legacyMembInvtComplete', 'poCustColdView', 'poCustColdComplete']","{'simpDistColdFormStart', 'progDistColdComplete', 'progMembInvtIntent', 'progDistColdIntent', 'progMembColdComplete', 'simpDistColdFindAff', 'simpCustColdContactMe', 'simpDistInvtComplete', 'simpMembInvtIntent', 'progMembColdIntent', 'simpDistInvtSubmit', 'simpDistInvtError', 'simpCustColdView', 'simpMembInvtView', 'progMembColdView', 'progDistInvtComplete', 'simpCustInvtComplete', 'progCustColdComplete', 'progDistInvtView', 'simpCustColdFormStart', 'simpDistColdView', 'simpCustInvtAccept', 'simpMembColdIntent', 'simpMembColdView', 'simpDistColdIntent', 'progMembInvtComplete', 'simpDistInvtIntent', 'progCustInvtComplete', 'legacyMembColdVerify', 'progCustColdIntent', 'simpMembColdFormStart', 'simpDistInvtLanding', 'simpMembColdNextBttn', 'simpDistInvtView', 'simpCustInvtView', 'simpCustColdComplete', 'simpMembInvtLanding', 'simpCustInvtLanding', 'simpMembColdFindAff', 'simpMembInvtSubmit', 'simpCustInvtIntent', 'simpCustColdIntent', 'simpCustInvtSubmit', 'simpDistColdComplete', 'simpDistColdNextBttn', 'simpCustColdFindAff', 'simpMembInvtComplete', 'progMembInvtView', 'simpMembColdComplete', 'simpCustInvtError', 'simpDistInvtAccept', 'simpMembInvtError', 'poCustColdIntent', 'progDistColdView', 'progCustColdView', 'simpCustColdNextBttn', 'simpMembInvtAccept', 'progCustInvtView'}"
37,RU,"['legacyDistColdView', 'legacyDistColdIntent', 'legacyDistColdSubmit', 'legacyDistColdVerify', 'legacyDistColdComplete', 'legacyCustColdView', 'legacyCustColdSubmit', 'legacyCustColdVerify', 'legacyCustColdComplete', 'legacyDistInvtView', 'legacyDistInvtIntent', 'legacyDistInvtSubmit', 'legacyDistInvtVerify', 'legacyDistInvtComplete', 'legacyCustInvtView', 'legacyCustInvtSubmit', 'legacyCustInvtVerify', 'legacyCustInvtComplete', 'legacyMembInvtView', 'legacyMembInvtIntent', 'legacyMembInvtSubmit', 'legacyMembInvtVerify', 'legacyMembInvtComplete', 'poCustColdView', 'poCustColdComplete']","{'simpDistColdFormStart', 'progDistColdComplete', 'progMembInvtIntent', 'progDistColdIntent', 'progMembColdComplete', 'simpDistColdFindAff', 'simpCustColdContactMe', 'simpDistInvtComplete', 'simpMembInvtIntent', 'progMembColdIntent', 'simpDistInvtSubmit', 'simpDistInvtError', 'simpCustColdView', 'simpMembInvtView', 'progMembColdView', 'progDistInvtComplete', 'simpCustInvtComplete', 'progCustColdComplete', 'progDistInvtView', 'simpCustColdFormStart', 'simpDistColdView', 'simpCustInvtAccept', 'simpMembColdIntent', 'simpMembColdView', 'simpDistColdIntent', 'progMembInvtComplete', 'simpDistInvtIntent', 'legacyMembColdIntent', 'progCustInvtComplete', 'legacyMembColdComplete', 'legacyMembColdVerify', 'progCustColdIntent', 'simpMembColdFormStart', 'simpDistInvtLanding', 'simpMembColdNextBttn', 'simpDistInvtView', 'simpCustInvtView', 'simpCustColdComplete', 'simpMembInvtLanding', 'simpCustInvtLanding', 'simpMembColdFindAff', 'simpMembInvtSubmit', 'simpCustInvtIntent', 'simpCustColdIntent', 'simpCustInvtSubmit', 'simpDistColdComplete', 'simpDistColdNextBttn', 'simpCustColdFindAff', 'simpMembInvtComplete', 'progMembInvtView', 'simpMembColdComplete', 'simpCustInvtError', 'simpDistInvtAccept', 'simpMembInvtError', 'poCustColdIntent', 'legacyMembColdView', 'progDistColdView', 'progCustColdView', 'simpCustColdNextBttn', 'simpMembInvtAccept', 'legacyMembColdSubmit', 'progCustInvtView'}"
38,SE,"['legacyDistColdView', 'legacyDistColdIntent', 'legacyDistColdSubmit', 'legacyDistColdVerify', 'legacyDistColdComplete', 'legacyCustColdView', 'legacyCustColdSubmit', 'legacyCustColdVerify', 'legacyCustColdComplete', 'legacyMembColdView', 'legacyDistInvtView', 'legacyDistInvtIntent', 'legacyDistInvtSubmit', 'legacyDistInvtVerify', 'legacyDistInvtComplete', 'legacyCustInvtView', 'legacyCustInvtSubmit', 'legacyCustInvtVerify', 'legacyCustInvtComplete', 'legacyMembInvtView', 'legacyMembInvtIntent', 'legacyMembInvtSubmit', 'legacyMembInvtVerify', 'legacyMembInvtComplete', 'poCustColdView', 'poCustColdComplete']","{'simpDistColdFormStart', 'progDistColdComplete', 'progMembInvtIntent', 'progDistColdIntent', 'progMembColdComplete', 'simpDistColdFindAff', 'simpCustColdContactMe', 'simpDistInvtComplete', 'simpMembInvtIntent', 'progMembColdIntent', 'simpDistInvtSubmit', 'simpDistInvtError', 'simpCustColdView', 'simpMembInvtView', 'progMembColdView', 'progDistInvtComplete', 'simpCustInvtComplete', 'progCustColdComplete', 'progDistInvtView', 'simpCustColdFormStart', 'simpDistColdView', 'simpCustInvtAccept', 'simpMembColdIntent', 'simpMembColdView', 'simpDistColdIntent', 'progMembInvtComplete', 'simpDistInvtIntent', 'legacyMembColdIntent', 'progCustInvtComplete', 'legacyMembColdComplete', 'legacyMembColdVerify', 'progCustColdIntent', 'simpMembColdFormStart', 'simpDistInvtLanding', 'simpMembColdNextBttn', 'simpDistInvtView', 'simpCustInvtView', 'simpCustColdComplete', 'simpMembInvtLanding', 'simpCustInvtLanding', 'simpMembColdFindAff', 'simpMembInvtSubmit', 'simpCustInvtIntent', 'simpCustColdIntent', 'simpCustInvtSubmit', 'simpDistColdComplete', 'simpDistColdNextBttn', 'simpCustColdFindAff', 'simpMembInvtComplete', 'progMembInvtView', 'simpMembColdComplete', 'simpCustInvtError', 'simpDistInvtAccept', 'simpMembInvtError', 'poCustColdIntent', 'progDistColdView', 'progCustColdView', 'simpCustColdNextBttn', 'simpMembInvtAccept', 'legacyMembColdSubmit', 'progCustInvtView'}"
39,SG,"['legacyDistColdView', 'legacyDistColdIntent', 'legacyDistColdSubmit', 'legacyDistColdVerify', 'legacyDistColdComplete', 'legacyDistInvtView', 'legacyDistInvtIntent', 'legacyDistInvtSubmit', 'legacyDistInvtVerify', 'legacyDistInvtComplete', 'poCustColdView', 'poCustColdComplete', 'simpDistColdView', 'simpDistColdIntent', 'simpDistColdFindAff', 'simpDistColdNextBttn', 'simpDistColdFormStart', 'simpDistColdComplete', 'simpDistInvtView', 'simpDistInvtIntent', 'simpDistInvtError']","{'progDistColdComplete', 'progMembInvtIntent', 'legacyMembInvtView', 'progDistColdIntent', 'progMembColdComplete', 'simpCustColdContactMe', 'simpDistInvtComplete', 'simpMembInvtIntent', 'progMembColdIntent', 'simpDistInvtSubmit', 'simpCustColdView', 'legacyCustColdComplete', 'simpMembInvtView', 'progMembColdView', 'legacyCustInvtComplete', 'progDistInvtComplete', 'simpCustInvtComplete', 'legacyCustInvtSubmit', 'progCustColdComplete', 'legacyMembInvtSubmit', 'progDistInvtView', 'simpCustColdFormStart', 'simpCustInvtAccept', 'simpMembColdIntent', 'simpMembColdView', 'legacyCustColdView', 'progMembInvtComplete', 'legacyMembColdIntent', 'legacyMembInvtVerify', 'progCustInvtComplete', 'legacyMembColdComplete', 'legacyMembColdVerify', 'progCustColdIntent', 'legacyCustColdVerify', 'simpMembColdFormStart', 'simpDistInvtLanding', 'legacyCustInvtVerify', 'simpMembColdNextBttn', 'simpCustInvtView', 'simpCustColdComplete', 'simpMembInvtLanding', 'simpCustInvtLanding', 'simpMembColdFindAff', 'simpMembInvtSubmit', 'simpCustInvtIntent', 'simpCustColdIntent', 'simpCustInvtSubmit', 'legacyCustInvtView', 'simpCustColdFindAff', 'simpMembInvtComplete', 'progMembInvtView', 'legacyMembInvtComplete', 'simpMembColdComplete', 'simpCustInvtError', 'simpDistInvtAccept', 'simpMembInvtError', 'poCustColdIntent', 'legacyMembColdView', 'progDistColdView', 'progCustColdView', 'simpCustColdNextBttn', 'simpMembInvtAccept', 'legacyCustColdSubmit', 'legacyMembInvtIntent', 'legacyMembColdSubmit', 'progCustInvtView'}"
40,SK,"['legacyDistColdView', 'legacyDistColdIntent', 'legacyDistColdSubmit', 'legacyDistColdVerify', 'legacyDistColdComplete', 'legacyCustColdView', 'legacyCustColdSubmit', 'legacyCustColdVerify', 'legacyCustColdComplete', 'legacyMembColdView', 'legacyDistInvtView', 'legacyDistInvtIntent', 'legacyDistInvtSubmit', 'legacyDistInvtVerify', 'legacyDistInvtComplete', 'legacyCustInvtView', 'legacyCustInvtSubmit', 'legacyCustInvtVerify', 'legacyCustInvtComplete', 'legacyMembInvtView', 'legacyMembInvtIntent', 'legacyMembInvtSubmit', 'legacyMembInvtVerify', 'legacyMembInvtComplete', 'poCustColdView', 'poCustColdComplete']","{'simpDistColdFormStart', 'progDistColdComplete', 'progMembInvtIntent', 'progDistColdIntent', 'progMembColdComplete', 'simpDistColdFindAff', 'simpCustColdContactMe', 'simpDistInvtComplete', 'simpMembInvtIntent', 'progMembColdIntent', 'simpDistInvtSubmit', 'simpDistInvtError', 'simpCustColdView', 'simpMembInvtView', 'progMembColdView', 'progDistInvtComplete', 'simpCustInvtComplete', 'progCustColdComplete', 'progDistInvtView', 'simpCustColdFormStart', 'simpDistColdView', 'simpCustInvtAccept', 'simpMembColdIntent', 'simpMembColdView', 'simpDistColdIntent', 'progMembInvtComplete', 'simpDistInvtIntent', 'legacyMembColdIntent', 'progCustInvtComplete', 'legacyMembColdComplete', 'legacyMembColdVerify', 'progCustColdIntent', 'simpMembColdFormStart', 'simpDistInvtLanding', 'simpMembColdNextBttn', 'simpDistInvtView', 'simpCustInvtView', 'simpCustColdComplete', 'simpMembInvtLanding', 'simpCustInvtLanding', 'simpMembColdFindAff', 'simpMembInvtSubmit', 'simpCustInvtIntent', 'simpCustColdIntent', 'simpCustInvtSubmit', 'simpDistColdComplete', 'simpDistColdNextBttn', 'simpCustColdFindAff', 'simpMembInvtComplete', 'progMembInvtView', 'simpMembColdComplete', 'simpCustInvtError', 'simpDistInvtAccept', 'simpMembInvtError', 'poCustColdIntent', 'progDistColdView', 'progCustColdView', 'simpCustColdNextBttn', 'simpMembInvtAccept', 'legacyMembColdSubmit', 'progCustInvtView'}"
41,TH,"['legacyDistColdView', 'legacyDistColdIntent', 'legacyDistColdSubmit', 'legacyDistColdVerify', 'legacyDistColdComplete', 'legacyDistInvtView', 'legacyDistInvtIntent', 'legacyDistInvtSubmit', 'legacyDistInvtVerify', 'legacyDistInvtComplete', 'poCustColdView', 'poCustColdComplete', 'simpDistColdView', 'simpDistColdIntent', 'simpDistColdFindAff', 'simpDistColdNextBttn', 'simpDistColdFormStart', 'simpDistColdComplete', 'simpDistInvtError', 'progDistColdIntent', 'progCustColdView', 'progCustColdIntent', 'progCustColdComplete', 'progCustInvtView', 'progCustInvtComplete']","{'progDistColdComplete', 'progMembInvtIntent', 'legacyMembInvtView', 'progMembColdComplete', 'simpCustColdContactMe', 'simpDistInvtComplete', 'simpMembInvtIntent', 'progMembColdIntent', 'simpDistInvtSubmit', 'simpCustColdView', 'legacyCustColdComplete', 'simpMembInvtView', 'progMembColdView', 'legacyCustInvtComplete', 'progDistInvtComplete', 'simpCustInvtComplete', 'legacyCustInvtSubmit', 'legacyMembInvtSubmit', 'progDistInvtView', 'simpCustColdFormStart', 'simpCustInvtAccept', 'simpMembColdIntent', 'simpMembColdView', 'legacyCustColdView', 'progMembInvtComplete', 'simpDistInvtIntent', 'legacyMembColdIntent', 'legacyMembInvtVerify', 'legacyMembColdComplete', 'legacyMembColdVerify', 'legacyCustColdVerify', 'simpMembColdFormStart', 'simpDistInvtLanding', 'legacyCustInvtVerify', 'simpMembColdNextBttn', 'simpDistInvtView', 'simpCustInvtView', 'simpCustColdComplete', 'simpMembInvtLanding', 'simpCustInvtLanding', 'simpMembColdFindAff', 'simpMembInvtSubmit', 'simpCustInvtIntent', 'simpCustColdIntent', 'simpCustInvtSubmit', 'legacyCustInvtView', 'simpCustColdFindAff', 'simpMembInvtComplete', 'progMembInvtView', 'legacyMembInvtComplete', 'simpMembColdComplete', 'simpCustInvtError', 'simpDistInvtAccept', 'simpMembInvtError', 'poCustColdIntent', 'legacyMembColdView', 'progDistColdView', 'simpCustColdNextBttn', 'simpMembInvtAccept', 'legacyCustColdSubmit', 'legacyMembInvtIntent', 'legacyMembColdSubmit'}"
42,UA,"['legacyDistColdView', 'legacyDistColdIntent', 'legacyDistColdSubmit', 'legacyDistColdVerify', 'legacyDistColdComplete', 'legacyCustColdView', 'legacyCustColdSubmit', 'legacyCustColdVerify', 'legacyCustColdComplete', 'legacyDistInvtView', 'legacyDistInvtIntent', 'legacyDistInvtSubmit', 'legacyDistInvtVerify', 'legacyDistInvtComplete', 'legacyCustInvtView', 'legacyCustInvtComplete', 'legacyMembInvtView', 'legacyMembInvtIntent', 'legacyMembInvtSubmit', 'legacyMembInvtVerify', 'legacyMembInvtComplete', 'poCustColdView', 'poCustColdComplete']","{'simpDistColdFormStart', 'progDistColdComplete', 'progMembInvtIntent', 'progDistColdIntent', 'progMembColdComplete', 'simpDistColdFindAff', 'simpCustColdContactMe', 'simpDistInvtComplete', 'simpMembInvtIntent', 'progMembColdIntent', 'simpDistInvtSubmit', 'simpDistInvtError', 'simpCustColdView', 'simpMembInvtView', 'progMembColdView', 'progDistInvtComplete', 'simpCustInvtComplete', 'legacyCustInvtSubmit', 'progCustColdComplete', 'progDistInvtView', 'simpCustColdFormStart', 'simpDistColdView', 'simpCustInvtAccept', 'simpMembColdIntent', 'simpMembColdView', 'simpDistColdIntent', 'progMembInvtComplete', 'simpDistInvtIntent', 'legacyMembColdIntent', 'progCustInvtComplete', 'legacyMembColdComplete', 'legacyMembColdVerify', 'progCustColdIntent', 'simpMembColdFormStart', 'simpDistInvtLanding', 'legacyCustInvtVerify', 'simpMembColdNextBttn', 'simpDistInvtView', 'simpCustInvtView', 'simpCustColdComplete', 'simpMembInvtLanding', 'simpCustInvtLanding', 'simpMembColdFindAff', 'simpMembInvtSubmit', 'simpCustInvtIntent', 'simpCustColdIntent', 'simpCustInvtSubmit', 'simpDistColdComplete', 'simpDistColdNextBttn', 'simpCustColdFindAff', 'simpMembInvtComplete', 'progMembInvtView', 'simpMembColdComplete', 'simpCustInvtError', 'simpDistInvtAccept', 'simpMembInvtError', 'poCustColdIntent', 'legacyMembColdView', 'progDistColdView', 'progCustColdView', 'simpCustColdNextBttn', 'simpMembInvtAccept', 'legacyMembColdSubmit', 'progCustInvtView'}"
43,US,"['legacyDistColdView', 'legacyDistColdIntent', 'legacyDistColdSubmit', 'legacyDistColdVerify', 'legacyDistColdComplete', 'legacyCustColdView', 'legacyCustColdSubmit', 'legacyCustColdVerify', 'legacyCustColdComplete', 'legacyMembColdView', 'legacyMembColdIntent', 'legacyMembColdSubmit', 'legacyMembColdVerify', 'legacyMembColdComplete', 'legacyDistInvtView', 'legacyDistInvtIntent', 'legacyDistInvtSubmit', 'legacyDistInvtVerify', 'legacyDistInvtComplete', 'legacyCustInvtView', 'legacyCustInvtSubmit', 'legacyCustInvtVerify', 'legacyCustInvtComplete', 'legacyMembInvtView', 'legacyMembInvtIntent', 'legacyMembInvtSubmit', 'legacyMembInvtVerify', 'legacyMembInvtComplete', 'poCustColdView', 'poCustColdIntent', 'poCustColdComplete', 'simpDistColdView', 'simpDistColdFormStart', 'simpDistColdComplete', 'simpCustColdView', 'simpCustColdIntent', 'simpCustColdFindAff', 'simpCustColdNextBttn', 'simpCustColdFormStart', 'simpMembColdView', 'simpMembColdIntent', 'simpMembColdFindAff', 'simpMembColdNextBttn', 'simpMembColdFormStart', 'simpDistInvtLanding', 'simpDistInvtAccept', 'simpDistInvtView', 'simpDistInvtIntent', 'simpCustInvtLanding', 'simpCustInvtAccept', 'simpCustInvtView', 'simpCustInvtIntent', 'progDistColdIntent', 'progDistColdComplete', 'progCustColdView', 'progCustColdIntent', 'progCustColdComplete']","{'progMembInvtIntent', 'progMembColdComplete', 'simpDistColdFindAff', 'simpCustColdContactMe', 'simpDistInvtComplete', 'simpMembInvtIntent', 'progMembColdIntent', 'simpDistInvtSubmit', 'simpDistInvtError', 'simpMembInvtView', 'progMembColdView', 'progDistInvtComplete', 'simpCustInvtComplete', 'progDistInvtView', 'simpDistColdIntent', 'progMembInvtComplete', 'progCustInvtComplete', 'simpCustColdComplete', 'simpMembInvtLanding', 'simpMembInvtSubmit', 'simpCustInvtSubmit', 'simpDistColdNextBttn', 'simpMembInvtComplete', 'progMembInvtView', 'simpMembColdComplete', 'simpCustInvtError', 'simpMembInvtError', 'progDistColdView', 'simpMembInvtAccept', 'progCustInvtView'}"
44,VN,"['legacyDistColdView', 'legacyDistColdIntent', 'legacyDistColdSubmit', 'legacyDistColdVerify', 'legacyMembColdView', 'legacyMembColdIntent', 'legacyMembColdSubmit', 'legacyMembColdVerify', 'legacyMembColdComplete', 'legacyMembInvtView', 'legacyMembInvtIntent', 'legacyMembInvtSubmit', 'legacyMembInvtVerify', 'legacyMembInvtComplete', 'simpMembColdView', 'simpMembColdIntent', 'simpMembColdFindAff', 'simpMembColdNextBttn', 'simpMembColdFormStart', 'simpMembColdComplete', 'simpMembInvtLanding', 'simpMembInvtAccept', 'simpMembInvtView', 'simpMembInvtIntent', 'simpMembInvtSubmit', 'simpMembInvtComplete', 'simpMembInvtError']","{'simpDistColdFormStart', 'progDistColdComplete', 'progMembInvtIntent', 'progDistColdIntent', 'progMembColdComplete', 'simpDistColdFindAff', 'simpCustColdContactMe', 'simpDistInvtComplete', 'progMembColdIntent', 'simpDistInvtSubmit', 'simpDistInvtError', 'simpCustColdView', 'legacyCustColdComplete', 'progMembColdView', 'legacyCustInvtComplete', 'progDistInvtComplete', 'simpCustInvtComplete', 'legacyCustInvtSubmit', 'progCustColdComplete', 'progDistInvtView', 'simpCustColdFormStart', 'simpDistColdView', 'simpCustInvtAccept', 'poCustColdComplete', 'simpDistColdIntent', 'legacyCustColdView', 'progMembInvtComplete', 'simpDistInvtIntent', 'progCustInvtComplete', 'legacyDistInvtVerify', 'progCustColdIntent', 'legacyCustColdVerify', 'simpDistInvtLanding', 'legacyCustInvtVerify', 'simpDistInvtView', 'simpCustInvtView', 'simpCustColdComplete', 'legacyDistInvtComplete', 'legacyDistColdComplete', 'simpCustInvtLanding', 'legacyDistInvtIntent', 'simpCustInvtIntent', 'simpCustColdIntent', 'simpCustInvtSubmit', 'simpDistColdComplete', 'legacyCustInvtView', 'simpDistColdNextBttn', 'simpCustColdFindAff', 'progMembInvtView', 'simpCustInvtError', 'simpDistInvtAccept', 'legacyDistInvtSubmit', 'poCustColdIntent', 'progDistColdView', 'progCustColdView', 'poCustColdView', 'simpCustColdNextBttn', 'legacyCustColdSubmit', 'legacyDistInvtView', 'progCustInvtView'}"
45,ZA,"['legacyDistColdView', 'legacyDistColdIntent', 'legacyDistColdSubmit', 'legacyDistColdVerify', 'legacyDistColdComplete', 'legacyCustColdView', 'legacyCustColdSubmit', 'legacyCustColdVerify', 'legacyCustColdComplete', 'legacyMembColdView', 'legacyMembColdIntent', 'legacyMembColdSubmit', 'legacyMembColdVerify', 'legacyMembColdComplete', 'legacyDistInvtView', 'legacyDistInvtIntent', 'legacyDistInvtSubmit', 'legacyDistInvtVerify', 'legacyDistInvtComplete', 'legacyCustInvtView', 'legacyCustInvtSubmit', 'legacyCustInvtVerify', 'legacyCustInvtComplete', 'legacyMembInvtView', 'legacyMembInvtIntent', 'legacyMembInvtSubmit', 'legacyMembInvtVerify', 'legacyMembInvtComplete', 'poCustColdView', 'poCustColdComplete', 'Brand Affiliate']","{'simpDistColdFormStart', 'progDistColdComplete', 'progMembInvtIntent', 'progDistColdIntent', 'progMembColdComplete', 'simpDistColdFindAff', 'simpCustColdContactMe', 'simpDistInvtComplete', 'simpMembInvtIntent', 'progMembColdIntent', 'simpDistInvtSubmit', 'simpDistInvtError', 'simpCustColdView', 'simpMembInvtView', 'progMembColdView', 'progDistInvtComplete', 'simpCustInvtComplete', 'progCustColdComplete', 'progDistInvtView', 'simpCustColdFormStart', 'simpDistColdView', 'simpCustInvtAccept', 'simpMembColdIntent', 'simpMembColdView', 'simpDistColdIntent', 'progMembInvtComplete', 'simpDistInvtIntent', 'progCustInvtComplete', 'progCustColdIntent', 'simpMembColdFormStart', 'simpDistInvtLanding', 'simpMembColdNextBttn', 'simpDistInvtView', 'simpCustInvtView', 'simpCustColdComplete', 'simpMembInvtLanding', 'simpCustInvtLanding', 'simpMembColdFindAff', 'simpMembInvtSubmit', 'simpCustInvtIntent', 'simpCustColdIntent', 'simpCustInvtSubmit', 'simpDistColdComplete', 'simpDistColdNextBttn', 'simpCustColdFindAff', 'simpMembInvtComplete', 'progMembInvtView', 'simpMembColdComplete', 'simpCustInvtError', 'simpDistInvtAccept', 'simpMembInvtError', 'poCustColdIntent', 'progDistColdView', 'progCustColdView', 'simpCustColdNextBttn', 'simpMembInvtAccept', 'progCustInvtView'}"
